/*
 Navicat Premium Dump SQL

 Source Server         : LocalHost
 Source Server Type    : MySQL
 Source Server Version : 90001 (9.0.1)
 Source Host           : localhost:3306
 Source Schema         : filamentos

 Target Server Type    : MySQL
 Target Server Version : 90001 (9.0.1)
 File Encoding         : 65001

 Date: 03/12/2024 17:31:44
*/

SET NAMES utf8mb4;
SET FOREIGN_KEY_CHECKS = 0;

-- ----------------------------
-- Table structure for cache
-- ----------------------------
DROP TABLE IF EXISTS `cache`;
CREATE TABLE `cache` (
  `key` varchar(255) COLLATE utf8mb4_unicode_ci NOT NULL,
  `value` mediumtext COLLATE utf8mb4_unicode_ci NOT NULL,
  `expiration` int NOT NULL,
  PRIMARY KEY (`key`)
) ENGINE=InnoDB DEFAULT CHARSET=utf8mb4 COLLATE=utf8mb4_unicode_ci;

-- ----------------------------
-- Records of cache
-- ----------------------------
BEGIN;
INSERT INTO `cache` (`key`, `value`, `expiration`) VALUES ('356a192b7913b04c54574d18c28d46e6395428ab', 'i:2;', 1733236056);
INSERT INTO `cache` (`key`, `value`, `expiration`) VALUES ('356a192b7913b04c54574d18c28d46e6395428ab:timer', 'i:1733236056;', 1733236056);
INSERT INTO `cache` (`key`, `value`, `expiration`) VALUES ('a17961fa74e9275d529f489537f179c05d50c2f3', 'i:1;', 1733229543);
INSERT INTO `cache` (`key`, `value`, `expiration`) VALUES ('a17961fa74e9275d529f489537f179c05d50c2f3:timer', 'i:1733229543;', 1733229543);
COMMIT;

-- ----------------------------
-- Table structure for cache_locks
-- ----------------------------
DROP TABLE IF EXISTS `cache_locks`;
CREATE TABLE `cache_locks` (
  `key` varchar(255) COLLATE utf8mb4_unicode_ci NOT NULL,
  `owner` varchar(255) COLLATE utf8mb4_unicode_ci NOT NULL,
  `expiration` int NOT NULL,
  PRIMARY KEY (`key`)
) ENGINE=InnoDB DEFAULT CHARSET=utf8mb4 COLLATE=utf8mb4_unicode_ci;

-- ----------------------------
-- Records of cache_locks
-- ----------------------------
BEGIN;
COMMIT;

-- ----------------------------
-- Table structure for conference_speaker
-- ----------------------------
DROP TABLE IF EXISTS `conference_speaker`;
CREATE TABLE `conference_speaker` (
  `conference_id` bigint unsigned NOT NULL,
  `speaker_id` bigint unsigned NOT NULL
) ENGINE=InnoDB DEFAULT CHARSET=utf8mb4 COLLATE=utf8mb4_unicode_ci;

-- ----------------------------
-- Records of conference_speaker
-- ----------------------------
BEGIN;
COMMIT;

-- ----------------------------
-- Table structure for conference_talk
-- ----------------------------
DROP TABLE IF EXISTS `conference_talk`;
CREATE TABLE `conference_talk` (
  `conference_id` bigint unsigned NOT NULL,
  `talk_id` bigint unsigned NOT NULL
) ENGINE=InnoDB DEFAULT CHARSET=utf8mb4 COLLATE=utf8mb4_unicode_ci;

-- ----------------------------
-- Records of conference_talk
-- ----------------------------
BEGIN;
COMMIT;

-- ----------------------------
-- Table structure for conferences
-- ----------------------------
DROP TABLE IF EXISTS `conferences`;
CREATE TABLE `conferences` (
  `id` bigint unsigned NOT NULL AUTO_INCREMENT,
  `name` varchar(60) COLLATE utf8mb4_unicode_ci NOT NULL,
  `description` text COLLATE utf8mb4_unicode_ci NOT NULL,
  `start_date` datetime NOT NULL,
  `end_date` datetime NOT NULL,
  `is_published` tinyint(1) NOT NULL DEFAULT '0',
  `status` varchar(255) COLLATE utf8mb4_unicode_ci NOT NULL,
  `region` varchar(255) COLLATE utf8mb4_unicode_ci NOT NULL,
  `venue_id` bigint unsigned DEFAULT NULL,
  `created_at` timestamp NULL DEFAULT NULL,
  `updated_at` timestamp NULL DEFAULT NULL,
  PRIMARY KEY (`id`)
) ENGINE=InnoDB AUTO_INCREMENT=76 DEFAULT CHARSET=utf8mb4 COLLATE=utf8mb4_unicode_ci;

-- ----------------------------
-- Records of conferences
-- ----------------------------
BEGIN;
INSERT INTO `conferences` (`id`, `name`, `description`, `start_date`, `end_date`, `is_published`, `status`, `region`, `venue_id`, `created_at`, `updated_at`) VALUES (1, 'Dr. Maximillian Rempel', 'Temporibus quia sit dolor itaque odit et impedit. Nam perferendis dolor dolor doloremque incidunt suscipit eligendi. Et provident nihil quas sunt amet omnis.', '2025-09-03 12:37:48', '2025-09-05 12:37:48', 0, 'draft', 'Indida', NULL, '2024-12-03 12:37:48', '2024-12-03 12:37:48');
INSERT INTO `conferences` (`id`, `name`, `description`, `start_date`, `end_date`, `is_published`, `status`, `region`, `venue_id`, `created_at`, `updated_at`) VALUES (2, 'Jordy O\'Conner', 'Qui sed incidunt repellat et assumenda voluptatibus illum voluptate. Dolorum voluptatem eligendi et voluptatem. Molestias velit in cum vero.', '2025-09-03 12:37:48', '2025-09-05 12:37:48', 0, 'published', 'EU', NULL, '2024-12-03 12:37:48', '2024-12-03 12:37:48');
INSERT INTO `conferences` (`id`, `name`, `description`, `start_date`, `end_date`, `is_published`, `status`, `region`, `venue_id`, `created_at`, `updated_at`) VALUES (3, 'Cornelius Shields', 'Voluptates rerum dolorum sunt explicabo ut dolores officia facere. Consequuntur excepturi placeat qui accusamus exercitationem provident quia cupiditate. Soluta repudiandae sed quia ipsum alias qui.', '2025-09-03 12:37:48', '2025-09-05 12:37:48', 0, 'published', 'AU', NULL, '2024-12-03 12:37:48', '2024-12-03 12:37:48');
INSERT INTO `conferences` (`id`, `name`, `description`, `start_date`, `end_date`, `is_published`, `status`, `region`, `venue_id`, `created_at`, `updated_at`) VALUES (4, 'Angie Hagenes', 'Qui non debitis aliquid enim non. Non totam iste nesciunt. Minus atque consequatur commodi rerum ea ipsam.', '2025-09-03 12:37:48', '2025-09-05 12:37:48', 0, 'draft', 'EU', NULL, '2024-12-03 12:37:48', '2024-12-03 12:37:48');
INSERT INTO `conferences` (`id`, `name`, `description`, `start_date`, `end_date`, `is_published`, `status`, `region`, `venue_id`, `created_at`, `updated_at`) VALUES (5, 'Isai Langosh PhD', 'Quod similique sed autem et sed. Blanditiis est velit modi odit nulla et molestiae. Voluptatibus illo sed sed laboriosam.', '2025-09-03 12:37:48', '2025-09-05 12:37:48', 0, 'archived', 'US', NULL, '2024-12-03 12:37:48', '2024-12-03 12:37:48');
INSERT INTO `conferences` (`id`, `name`, `description`, `start_date`, `end_date`, `is_published`, `status`, `region`, `venue_id`, `created_at`, `updated_at`) VALUES (6, 'Janessa Spinka', 'Enim et ducimus exercitationem corporis. Quidem qui aspernatur facere dicta distinctio. Ipsam quia id quidem.', '2025-09-03 12:37:48', '2025-09-05 12:37:48', 0, 'published', 'Indida', NULL, '2024-12-03 12:37:48', '2024-12-03 12:37:48');
INSERT INTO `conferences` (`id`, `name`, `description`, `start_date`, `end_date`, `is_published`, `status`, `region`, `venue_id`, `created_at`, `updated_at`) VALUES (7, 'Prof. Claire Brown', 'Voluptas deleniti ipsum quos. Culpa distinctio dolorem necessitatibus et quasi in. Enim deleniti quisquam illo impedit quisquam mollitia hic.', '2025-09-03 12:37:48', '2025-09-05 12:37:48', 0, 'draft', 'Indida', NULL, '2024-12-03 12:37:48', '2024-12-03 12:37:48');
INSERT INTO `conferences` (`id`, `name`, `description`, `start_date`, `end_date`, `is_published`, `status`, `region`, `venue_id`, `created_at`, `updated_at`) VALUES (8, 'Webster Gaylord', 'Rem atque eveniet et incidunt. Magnam voluptatem suscipit facilis dolorem. Alias laborum sint qui sed quae.', '2025-09-03 12:37:48', '2025-09-05 12:37:48', 0, 'draft', 'Africa', NULL, '2024-12-03 12:37:48', '2024-12-03 12:37:48');
INSERT INTO `conferences` (`id`, `name`, `description`, `start_date`, `end_date`, `is_published`, `status`, `region`, `venue_id`, `created_at`, `updated_at`) VALUES (9, 'Prof. Danial DuBuque', 'Qui ipsum dolorem rerum qui. Dolor maxime sit id ad natus. Adipisci esse facilis blanditiis debitis deleniti.', '2025-09-03 12:37:48', '2025-09-05 12:37:48', 0, 'archived', 'EU', NULL, '2024-12-03 12:37:48', '2024-12-03 12:37:48');
INSERT INTO `conferences` (`id`, `name`, `description`, `start_date`, `end_date`, `is_published`, `status`, `region`, `venue_id`, `created_at`, `updated_at`) VALUES (10, 'Rogers Dickinson Sr.', 'Quis deleniti omnis sed qui veniam quo. Et et sed et molestiae. Deserunt sunt odio ut non possimus eveniet.', '2025-09-03 12:37:48', '2025-09-05 12:37:48', 0, 'draft', 'EU', NULL, '2024-12-03 12:37:48', '2024-12-03 12:37:48');
INSERT INTO `conferences` (`id`, `name`, `description`, `start_date`, `end_date`, `is_published`, `status`, `region`, `venue_id`, `created_at`, `updated_at`) VALUES (11, 'Ora Grimes', 'Eum quo impedit explicabo et. In possimus quam nam ut nihil natus et nihil. Quis exercitationem enim voluptatum accusantium esse. Facilis et vitae alias reprehenderit assumenda in quia sequi.', '2025-09-03 12:37:48', '2025-09-05 12:37:48', 0, 'draft', 'US', NULL, '2024-12-03 12:37:48', '2024-12-03 12:37:48');
INSERT INTO `conferences` (`id`, `name`, `description`, `start_date`, `end_date`, `is_published`, `status`, `region`, `venue_id`, `created_at`, `updated_at`) VALUES (12, 'Erna Feeney', 'Vitae voluptates blanditiis architecto quas dolorum perspiciatis. Odit consequatur saepe error explicabo. Nihil ad delectus enim officiis hic.', '2025-09-03 12:37:48', '2025-09-05 12:37:48', 0, 'published', 'Online', NULL, '2024-12-03 12:37:48', '2024-12-03 12:37:48');
INSERT INTO `conferences` (`id`, `name`, `description`, `start_date`, `end_date`, `is_published`, `status`, `region`, `venue_id`, `created_at`, `updated_at`) VALUES (13, 'Chelsie Mitchell DVM', 'Enim voluptatem quo accusamus quidem. Rerum nulla incidunt a reiciendis. Nostrum illo iste provident exercitationem et. Ut tempora consequatur voluptate labore nesciunt. Quasi id deserunt ut quae.', '2025-09-03 12:37:48', '2025-09-05 12:37:48', 0, 'published', 'US', NULL, '2024-12-03 12:37:48', '2024-12-03 12:37:48');
INSERT INTO `conferences` (`id`, `name`, `description`, `start_date`, `end_date`, `is_published`, `status`, `region`, `venue_id`, `created_at`, `updated_at`) VALUES (14, 'Delilah Koelpin', 'Sit ratione delectus eos quidem iure ut aut illo. Aut veniam vero et error id autem. Et maiores aut id minus et accusantium.', '2025-09-03 12:37:48', '2025-09-05 12:37:48', 0, 'published', 'AU', NULL, '2024-12-03 12:37:48', '2024-12-03 12:37:48');
INSERT INTO `conferences` (`id`, `name`, `description`, `start_date`, `end_date`, `is_published`, `status`, `region`, `venue_id`, `created_at`, `updated_at`) VALUES (15, 'Mr. Nels Hintz', 'Delectus quidem occaecati omnis ipsum quia ea. Reiciendis voluptas ipsam et animi libero earum. Quia ut ex est tempore doloremque.', '2025-09-03 12:37:48', '2025-09-05 12:37:48', 0, 'archived', 'Online', NULL, '2024-12-03 12:37:48', '2024-12-03 12:37:48');
INSERT INTO `conferences` (`id`, `name`, `description`, `start_date`, `end_date`, `is_published`, `status`, `region`, `venue_id`, `created_at`, `updated_at`) VALUES (16, 'Ms. Melissa Hegmann', 'Corrupti tenetur voluptatem quia perspiciatis ipsam ipsam laborum. Dolorum ut quas doloribus maxime autem. Sed illum quia possimus minus. Facere id officiis eum amet excepturi.', '2025-09-03 12:37:48', '2025-09-05 12:37:48', 0, 'archived', 'AU', NULL, '2024-12-03 12:37:48', '2024-12-03 12:37:48');
INSERT INTO `conferences` (`id`, `name`, `description`, `start_date`, `end_date`, `is_published`, `status`, `region`, `venue_id`, `created_at`, `updated_at`) VALUES (17, 'Mr. Garrett Bednar', 'Et dolor quia enim asperiores. Voluptatem aut vel illum placeat labore. Corporis ut labore consequatur dolor ipsum quidem repellendus. Ut libero ut reprehenderit tenetur adipisci.', '2025-09-03 12:37:48', '2025-09-05 12:37:48', 0, 'published', 'Indida', NULL, '2024-12-03 12:37:48', '2024-12-03 12:37:48');
INSERT INTO `conferences` (`id`, `name`, `description`, `start_date`, `end_date`, `is_published`, `status`, `region`, `venue_id`, `created_at`, `updated_at`) VALUES (18, 'Constance Durgan', 'Fugit laudantium vel quia. Repellat praesentium commodi accusantium numquam sit. Nam quis esse consequatur esse minima cumque molestiae omnis. Sed magni est inventore repudiandae.', '2025-09-03 12:37:48', '2025-09-05 12:37:48', 0, 'published', 'AU', NULL, '2024-12-03 12:37:48', '2024-12-03 12:37:48');
INSERT INTO `conferences` (`id`, `name`, `description`, `start_date`, `end_date`, `is_published`, `status`, `region`, `venue_id`, `created_at`, `updated_at`) VALUES (19, 'Dr. Beryl Gerhold', 'Similique quaerat consequatur hic inventore facere assumenda sint dolorum. Perferendis id nulla est. Maxime enim doloribus consequatur veniam laboriosam asperiores nesciunt.', '2025-09-03 12:37:48', '2025-09-05 12:37:48', 0, 'published', 'Indida', NULL, '2024-12-03 12:37:48', '2024-12-03 12:37:48');
INSERT INTO `conferences` (`id`, `name`, `description`, `start_date`, `end_date`, `is_published`, `status`, `region`, `venue_id`, `created_at`, `updated_at`) VALUES (20, 'Thea Franecki', 'Quod numquam ut animi iure esse qui tenetur vel. Aspernatur illum nihil quibusdam voluptatem iusto. Odio assumenda expedita vero ut ut unde. Nobis provident sed voluptas ex.', '2025-09-03 12:37:48', '2025-09-05 12:37:48', 0, 'draft', 'US', NULL, '2024-12-03 12:37:48', '2024-12-03 12:37:48');
INSERT INTO `conferences` (`id`, `name`, `description`, `start_date`, `end_date`, `is_published`, `status`, `region`, `venue_id`, `created_at`, `updated_at`) VALUES (21, 'Lilyan Brekke', 'Delectus aut ut est. Quia quia nostrum quae. Eveniet quos veniam reprehenderit error dolorem.', '2025-09-03 12:37:48', '2025-09-05 12:37:48', 0, 'draft', 'AU', NULL, '2024-12-03 12:37:48', '2024-12-03 12:37:48');
INSERT INTO `conferences` (`id`, `name`, `description`, `start_date`, `end_date`, `is_published`, `status`, `region`, `venue_id`, `created_at`, `updated_at`) VALUES (22, 'Moises Reynolds', 'Voluptatem ut ducimus consequatur consequatur. Qui qui distinctio iure accusamus quasi labore dolor magni.', '2025-09-03 12:37:48', '2025-09-05 12:37:48', 0, 'draft', 'US', NULL, '2024-12-03 12:37:48', '2024-12-03 12:37:48');
INSERT INTO `conferences` (`id`, `name`, `description`, `start_date`, `end_date`, `is_published`, `status`, `region`, `venue_id`, `created_at`, `updated_at`) VALUES (23, 'Jarvis West MD', 'Quae sed ea et repudiandae dolorem eum omnis. Quas tempore magnam quaerat maxime repudiandae. Accusantium officia beatae ab aspernatur culpa.', '2025-09-03 12:37:48', '2025-09-05 12:37:48', 0, 'archived', 'Africa', NULL, '2024-12-03 12:37:48', '2024-12-03 12:37:48');
INSERT INTO `conferences` (`id`, `name`, `description`, `start_date`, `end_date`, `is_published`, `status`, `region`, `venue_id`, `created_at`, `updated_at`) VALUES (24, 'Miss Elda Schoen', 'Quibusdam blanditiis rerum repellendus rem eum. Incidunt officia expedita ut quis commodi soluta dicta. Pariatur aperiam porro et sint. Aspernatur ipsa ex nihil dolor.', '2025-09-03 12:37:48', '2025-09-05 12:37:48', 0, 'draft', 'EU', NULL, '2024-12-03 12:37:48', '2024-12-03 12:37:48');
INSERT INTO `conferences` (`id`, `name`, `description`, `start_date`, `end_date`, `is_published`, `status`, `region`, `venue_id`, `created_at`, `updated_at`) VALUES (25, 'Dr. Sonny Hegmann DVM', 'Quod labore quos adipisci officiis repellendus dolorum. Repudiandae officiis in quis quas provident facilis. Ducimus maiores quis modi distinctio qui maxime eos.', '2025-09-03 12:37:48', '2025-09-05 12:37:48', 0, 'archived', 'Online', NULL, '2024-12-03 12:37:48', '2024-12-03 12:37:48');
INSERT INTO `conferences` (`id`, `name`, `description`, `start_date`, `end_date`, `is_published`, `status`, `region`, `venue_id`, `created_at`, `updated_at`) VALUES (26, 'Marietta Kling', 'Doloribus ratione et ipsum a quas totam aliquid. Voluptatibus vero voluptatibus repellat eveniet omnis cum et inventore. Porro dolorum harum deleniti necessitatibus exercitationem.', '2025-09-03 12:37:48', '2025-09-05 12:37:48', 0, 'draft', 'Online', NULL, '2024-12-03 12:37:48', '2024-12-03 12:37:48');
INSERT INTO `conferences` (`id`, `name`, `description`, `start_date`, `end_date`, `is_published`, `status`, `region`, `venue_id`, `created_at`, `updated_at`) VALUES (27, 'Mr. Cooper Sporer', 'Dicta assumenda est neque odit porro maiores quas assumenda. Quam eos beatae aut fugiat consequatur.', '2025-09-03 12:37:48', '2025-09-05 12:37:48', 0, 'archived', 'AU', NULL, '2024-12-03 12:37:48', '2024-12-03 12:37:48');
INSERT INTO `conferences` (`id`, `name`, `description`, `start_date`, `end_date`, `is_published`, `status`, `region`, `venue_id`, `created_at`, `updated_at`) VALUES (28, 'Tianna Wisoky II', 'Nulla aut recusandae voluptas accusamus perspiciatis. Autem sint et error nulla. Cupiditate sint tempore fugit consequatur vero voluptates velit.', '2025-09-03 12:37:48', '2025-09-05 12:37:48', 0, 'draft', 'Indida', NULL, '2024-12-03 12:37:48', '2024-12-03 12:37:48');
INSERT INTO `conferences` (`id`, `name`, `description`, `start_date`, `end_date`, `is_published`, `status`, `region`, `venue_id`, `created_at`, `updated_at`) VALUES (29, 'Efrain Barton', 'Et aut ullam delectus deleniti. Et mollitia aut laudantium magnam quia facilis libero. In sapiente ex sit id maiores neque qui reiciendis.', '2025-09-03 12:37:48', '2025-09-05 12:37:48', 0, 'draft', 'US', NULL, '2024-12-03 12:37:48', '2024-12-03 12:37:48');
INSERT INTO `conferences` (`id`, `name`, `description`, `start_date`, `end_date`, `is_published`, `status`, `region`, `venue_id`, `created_at`, `updated_at`) VALUES (30, 'Elouise Durgan', 'Aut ab deserunt dignissimos voluptatem corporis tempora sapiente reprehenderit. Autem voluptas quos sed consequuntur error.', '2025-09-03 12:37:48', '2025-09-05 12:37:48', 0, 'draft', 'Online', NULL, '2024-12-03 12:37:48', '2024-12-03 12:37:48');
INSERT INTO `conferences` (`id`, `name`, `description`, `start_date`, `end_date`, `is_published`, `status`, `region`, `venue_id`, `created_at`, `updated_at`) VALUES (31, 'Frank Green', 'Minima quia totam optio quia aut ipsam animi. Vitae possimus quia et. Eos aliquam totam natus doloribus.', '2025-09-03 12:37:48', '2025-09-05 12:37:48', 0, 'archived', 'US', NULL, '2024-12-03 12:37:48', '2024-12-03 12:37:48');
INSERT INTO `conferences` (`id`, `name`, `description`, `start_date`, `end_date`, `is_published`, `status`, `region`, `venue_id`, `created_at`, `updated_at`) VALUES (32, 'Jazlyn Marvin', 'Voluptas harum excepturi aut eos cupiditate itaque recusandae. Minus incidunt tempore magnam dolore officiis ab neque. Earum repellat aliquid iusto est.', '2025-09-03 12:37:48', '2025-09-05 12:37:48', 0, 'draft', 'Africa', NULL, '2024-12-03 12:37:48', '2024-12-03 12:37:48');
INSERT INTO `conferences` (`id`, `name`, `description`, `start_date`, `end_date`, `is_published`, `status`, `region`, `venue_id`, `created_at`, `updated_at`) VALUES (33, 'Miss Adeline McCullough MD', 'Sit ut sapiente et nihil nobis ab. Et sed voluptas et ut cum dignissimos. Et voluptas voluptas aut architecto quasi.', '2025-09-03 12:37:48', '2025-09-05 12:37:48', 0, 'archived', 'AU', NULL, '2024-12-03 12:37:48', '2024-12-03 12:37:48');
INSERT INTO `conferences` (`id`, `name`, `description`, `start_date`, `end_date`, `is_published`, `status`, `region`, `venue_id`, `created_at`, `updated_at`) VALUES (34, 'Mr. Osbaldo Kuhn', 'Labore sed cumque eos voluptatibus. Enim neque voluptatum voluptas recusandae voluptas dolorem beatae. Asperiores architecto perspiciatis odio quidem illo inventore.', '2025-09-03 12:37:48', '2025-09-05 12:37:48', 0, 'archived', 'US', NULL, '2024-12-03 12:37:48', '2024-12-03 12:37:48');
INSERT INTO `conferences` (`id`, `name`, `description`, `start_date`, `end_date`, `is_published`, `status`, `region`, `venue_id`, `created_at`, `updated_at`) VALUES (35, 'Dr. Tiffany Lindgren MD', 'Ea aliquid autem assumenda. Voluptatem placeat quia laborum sunt facere numquam officiis. Reprehenderit nemo distinctio sed soluta exercitationem.', '2025-09-03 12:37:48', '2025-09-05 12:37:48', 0, 'draft', 'Online', NULL, '2024-12-03 12:37:48', '2024-12-03 12:37:48');
INSERT INTO `conferences` (`id`, `name`, `description`, `start_date`, `end_date`, `is_published`, `status`, `region`, `venue_id`, `created_at`, `updated_at`) VALUES (36, 'Dr. Gabriella Daniel', 'Eum a accusamus quia praesentium. Exercitationem maiores fuga voluptatem dolor tempora. Optio consequatur quas et in. Dolore sed ipsa ea sed dolor iste dolor. Reprehenderit rerum accusantium sed.', '2025-09-03 12:37:48', '2025-09-05 12:37:48', 0, 'published', 'Online', NULL, '2024-12-03 12:37:48', '2024-12-03 12:37:48');
INSERT INTO `conferences` (`id`, `name`, `description`, `start_date`, `end_date`, `is_published`, `status`, `region`, `venue_id`, `created_at`, `updated_at`) VALUES (37, 'Mrs. Jude Rodriguez', 'Rem qui vitae non recusandae fugit. Eius quos et sunt voluptas qui error ut. Sit ea reprehenderit vero quod. Suscipit libero esse dolores impedit ad.', '2025-09-03 12:37:48', '2025-09-05 12:37:48', 0, 'archived', 'Indida', NULL, '2024-12-03 12:37:48', '2024-12-03 12:37:48');
INSERT INTO `conferences` (`id`, `name`, `description`, `start_date`, `end_date`, `is_published`, `status`, `region`, `venue_id`, `created_at`, `updated_at`) VALUES (38, 'Corene Gulgowski DDS', 'Corrupti laboriosam assumenda laudantium ea aliquid. Sapiente ut fuga omnis maxime quia.', '2025-09-03 12:37:48', '2025-09-05 12:37:48', 0, 'archived', 'Indida', NULL, '2024-12-03 12:37:48', '2024-12-03 12:37:48');
INSERT INTO `conferences` (`id`, `name`, `description`, `start_date`, `end_date`, `is_published`, `status`, `region`, `venue_id`, `created_at`, `updated_at`) VALUES (39, 'Jake Padberg Jr.', 'Quod nam officiis voluptas sequi eos tenetur at. Id magnam dolorem aut. Ab aut vero harum sed.', '2025-09-03 12:37:48', '2025-09-05 12:37:48', 0, 'archived', 'Indida', NULL, '2024-12-03 12:37:48', '2024-12-03 12:37:48');
INSERT INTO `conferences` (`id`, `name`, `description`, `start_date`, `end_date`, `is_published`, `status`, `region`, `venue_id`, `created_at`, `updated_at`) VALUES (40, 'Isac Hane III', 'Doloribus nostrum tempore non est. Corrupti aut tempore dignissimos qui qui. Et reprehenderit vero inventore qui aut.', '2025-09-03 12:37:48', '2025-09-05 12:37:48', 0, 'archived', 'US', NULL, '2024-12-03 12:37:48', '2024-12-03 12:37:48');
INSERT INTO `conferences` (`id`, `name`, `description`, `start_date`, `end_date`, `is_published`, `status`, `region`, `venue_id`, `created_at`, `updated_at`) VALUES (41, 'Loy Johns II', 'Debitis enim repudiandae ea et incidunt. Vero mollitia et eum impedit ab. Et voluptas enim est est. Sit impedit ducimus quia in sed aut tenetur.', '2025-09-03 12:37:48', '2025-09-05 12:37:48', 0, 'archived', 'AU', NULL, '2024-12-03 12:37:48', '2024-12-03 12:37:48');
INSERT INTO `conferences` (`id`, `name`, `description`, `start_date`, `end_date`, `is_published`, `status`, `region`, `venue_id`, `created_at`, `updated_at`) VALUES (42, 'Stella Heller', 'Optio minima rerum ducimus laudantium laboriosam. Incidunt quia dolore sint ratione aut et et. Quam rerum id et ut et. Et laborum soluta laudantium voluptate eos.', '2025-09-03 12:37:48', '2025-09-05 12:37:48', 0, 'archived', 'EU', NULL, '2024-12-03 12:37:48', '2024-12-03 12:37:48');
INSERT INTO `conferences` (`id`, `name`, `description`, `start_date`, `end_date`, `is_published`, `status`, `region`, `venue_id`, `created_at`, `updated_at`) VALUES (43, 'Kody Batz', 'Quod adipisci harum error laborum sapiente rerum. Ex quo animi doloribus autem culpa. Enim et id fugit sit reprehenderit enim ad.', '2025-09-03 12:37:48', '2025-09-05 12:37:48', 0, 'archived', 'Online', NULL, '2024-12-03 12:37:48', '2024-12-03 12:37:48');
INSERT INTO `conferences` (`id`, `name`, `description`, `start_date`, `end_date`, `is_published`, `status`, `region`, `venue_id`, `created_at`, `updated_at`) VALUES (44, 'Gerhard Littel', 'Soluta itaque quas tempore. Reprehenderit veritatis earum ut. Consequuntur est inventore animi facilis. Quia voluptatem qui qui voluptas excepturi rerum id.', '2025-09-03 12:37:48', '2025-09-05 12:37:48', 0, 'published', 'Africa', NULL, '2024-12-03 12:37:48', '2024-12-03 12:37:48');
INSERT INTO `conferences` (`id`, `name`, `description`, `start_date`, `end_date`, `is_published`, `status`, `region`, `venue_id`, `created_at`, `updated_at`) VALUES (45, 'Dr. Donnie Hudson PhD', 'Quidem veritatis et voluptate soluta qui qui velit quod. Qui autem qui earum iste. Fugit ea sed nulla vel cupiditate hic aperiam. Eligendi sit exercitationem sed eos ducimus odit.', '2025-09-03 12:37:48', '2025-09-05 12:37:48', 0, 'draft', 'Online', NULL, '2024-12-03 12:37:48', '2024-12-03 12:37:48');
INSERT INTO `conferences` (`id`, `name`, `description`, `start_date`, `end_date`, `is_published`, `status`, `region`, `venue_id`, `created_at`, `updated_at`) VALUES (46, 'Ms. Kathlyn Rogahn III', 'Nostrum et sit earum eligendi. Eligendi magnam ut corrupti id. Consequatur quis voluptatem est cum recusandae non.', '2025-09-03 12:37:48', '2025-09-05 12:37:48', 0, 'published', 'Online', NULL, '2024-12-03 12:37:48', '2024-12-03 12:37:48');
INSERT INTO `conferences` (`id`, `name`, `description`, `start_date`, `end_date`, `is_published`, `status`, `region`, `venue_id`, `created_at`, `updated_at`) VALUES (47, 'Dr. Rodger Bogisich', 'Praesentium rerum ducimus odio vel molestias. Recusandae est sed ipsum quaerat. Veritatis atque quaerat debitis omnis quo.', '2025-09-03 12:37:48', '2025-09-05 12:37:48', 0, 'draft', 'Online', NULL, '2024-12-03 12:37:48', '2024-12-03 12:37:48');
INSERT INTO `conferences` (`id`, `name`, `description`, `start_date`, `end_date`, `is_published`, `status`, `region`, `venue_id`, `created_at`, `updated_at`) VALUES (48, 'Mr. Kayden Kling I', 'Pariatur recusandae qui aut est ut aut eos totam. Et saepe voluptas aut alias mollitia labore eaque. Minima id quae deleniti quos. At nobis doloribus ducimus molestiae.', '2025-09-03 12:37:48', '2025-09-05 12:37:48', 0, 'archived', 'Indida', NULL, '2024-12-03 12:37:48', '2024-12-03 12:37:48');
INSERT INTO `conferences` (`id`, `name`, `description`, `start_date`, `end_date`, `is_published`, `status`, `region`, `venue_id`, `created_at`, `updated_at`) VALUES (49, 'Prof. Veda Hirthe DDS', 'Qui error saepe eligendi minus eum. Ab nostrum hic ratione eos. Veniam esse recusandae qui velit. Doloremque aut est magni eius autem quo.', '2025-09-03 12:37:48', '2025-09-05 12:37:48', 0, 'published', 'EU', NULL, '2024-12-03 12:37:48', '2024-12-03 12:37:48');
INSERT INTO `conferences` (`id`, `name`, `description`, `start_date`, `end_date`, `is_published`, `status`, `region`, `venue_id`, `created_at`, `updated_at`) VALUES (50, 'Demetris Ankunding', 'Laboriosam velit in molestiae voluptatem animi. Reprehenderit velit quis non blanditiis nemo. Beatae error est et. Iusto nobis odio corporis.', '2025-09-03 12:37:48', '2025-09-05 12:37:48', 0, 'published', 'AU', NULL, '2024-12-03 12:37:48', '2024-12-03 12:37:48');
INSERT INTO `conferences` (`id`, `name`, `description`, `start_date`, `end_date`, `is_published`, `status`, `region`, `venue_id`, `created_at`, `updated_at`) VALUES (51, 'Jacinthe Bergnaum', 'Rem tempore ullam architecto ad natus ut quis. A perspiciatis eius quia voluptas possimus. Aspernatur quis esse voluptatibus eius enim.', '2025-09-03 12:37:48', '2025-09-05 12:37:48', 0, 'draft', 'Online', NULL, '2024-12-03 12:37:48', '2024-12-03 12:37:48');
INSERT INTO `conferences` (`id`, `name`, `description`, `start_date`, `end_date`, `is_published`, `status`, `region`, `venue_id`, `created_at`, `updated_at`) VALUES (52, 'Kaylin D\'Amore', 'Suscipit sit commodi in sed numquam reprehenderit repellat ut. Rerum aut reiciendis autem eos. Aut consectetur in et distinctio error.', '2025-09-03 12:37:48', '2025-09-05 12:37:48', 0, 'archived', 'Indida', NULL, '2024-12-03 12:37:48', '2024-12-03 12:37:48');
INSERT INTO `conferences` (`id`, `name`, `description`, `start_date`, `end_date`, `is_published`, `status`, `region`, `venue_id`, `created_at`, `updated_at`) VALUES (53, 'Bethany Stracke', 'Similique inventore ea illum et quia quod quo. Quaerat veniam omnis qui sed. Officiis repudiandae qui nostrum molestiae saepe et. Harum quia eveniet voluptatibus at provident et dignissimos.', '2025-09-03 12:37:48', '2025-09-05 12:37:48', 0, 'published', 'AU', NULL, '2024-12-03 12:37:48', '2024-12-03 12:37:48');
INSERT INTO `conferences` (`id`, `name`, `description`, `start_date`, `end_date`, `is_published`, `status`, `region`, `venue_id`, `created_at`, `updated_at`) VALUES (54, 'Prof. Jeanette Fritsch V', 'Exercitationem id quam voluptatem necessitatibus. Dolor autem est ab maxime aut. Sit voluptas distinctio velit eos accusamus recusandae. In aut libero ullam totam dolorem adipisci.', '2025-09-03 12:37:48', '2025-09-05 12:37:48', 0, 'archived', 'EU', NULL, '2024-12-03 12:37:48', '2024-12-03 12:37:48');
INSERT INTO `conferences` (`id`, `name`, `description`, `start_date`, `end_date`, `is_published`, `status`, `region`, `venue_id`, `created_at`, `updated_at`) VALUES (55, 'Cheyenne Legros', 'Aperiam deserunt earum voluptas consequatur molestiae odit. Aut quisquam consequatur inventore voluptatum fuga qui. Voluptatum eos voluptate maxime deserunt neque.', '2025-09-03 12:37:48', '2025-09-05 12:37:48', 0, 'archived', 'US', NULL, '2024-12-03 12:37:48', '2024-12-03 12:37:48');
INSERT INTO `conferences` (`id`, `name`, `description`, `start_date`, `end_date`, `is_published`, `status`, `region`, `venue_id`, `created_at`, `updated_at`) VALUES (56, 'Orion Skiles', 'Quis necessitatibus cum veritatis eaque similique quo quae ut. Sed reiciendis aut ea quibusdam. Sequi unde voluptatem facere maxime qui repellat occaecati.', '2025-09-03 12:37:48', '2025-09-05 12:37:48', 0, 'archived', 'Indida', NULL, '2024-12-03 12:37:48', '2024-12-03 12:37:48');
INSERT INTO `conferences` (`id`, `name`, `description`, `start_date`, `end_date`, `is_published`, `status`, `region`, `venue_id`, `created_at`, `updated_at`) VALUES (57, 'Orlo Satterfield', 'Doloremque voluptas consequuntur voluptas sed. Perspiciatis omnis esse et adipisci. Impedit est reiciendis itaque repudiandae qui.', '2025-09-03 12:37:48', '2025-09-05 12:37:48', 0, 'published', 'US', NULL, '2024-12-03 12:37:48', '2024-12-03 12:37:48');
INSERT INTO `conferences` (`id`, `name`, `description`, `start_date`, `end_date`, `is_published`, `status`, `region`, `venue_id`, `created_at`, `updated_at`) VALUES (58, 'Mrs. Susie Christiansen IV', 'Repellat molestiae odit doloremque sequi numquam adipisci quibusdam. Deserunt sit et voluptas vel. Odio tempore itaque suscipit mollitia totam.', '2025-09-03 12:37:48', '2025-09-05 12:37:48', 0, 'archived', 'EU', NULL, '2024-12-03 12:37:48', '2024-12-03 12:37:48');
INSERT INTO `conferences` (`id`, `name`, `description`, `start_date`, `end_date`, `is_published`, `status`, `region`, `venue_id`, `created_at`, `updated_at`) VALUES (59, 'Demario Gottlieb', 'Nisi dolores ut in fuga qui. Perspiciatis officia est ut sit consequatur aut ex. Animi doloribus et velit maxime perferendis occaecati.', '2025-09-03 12:37:48', '2025-09-05 12:37:48', 0, 'archived', 'Online', NULL, '2024-12-03 12:37:48', '2024-12-03 12:37:48');
INSERT INTO `conferences` (`id`, `name`, `description`, `start_date`, `end_date`, `is_published`, `status`, `region`, `venue_id`, `created_at`, `updated_at`) VALUES (60, 'Ana Ryan', 'Autem nihil sunt minima voluptate vitae. Quod et quaerat dignissimos voluptatem et. Et doloremque facere rerum nihil maxime. Eos neque beatae aliquam a ea.', '2025-09-03 12:37:48', '2025-09-05 12:37:48', 0, 'published', 'US', NULL, '2024-12-03 12:37:48', '2024-12-03 12:37:48');
INSERT INTO `conferences` (`id`, `name`, `description`, `start_date`, `end_date`, `is_published`, `status`, `region`, `venue_id`, `created_at`, `updated_at`) VALUES (61, 'Jennifer Considine', 'Sed perspiciatis excepturi illo fuga. Velit repellendus voluptas reiciendis. Ipsum harum eaque soluta aut impedit vero.', '2025-09-03 12:37:48', '2025-09-05 12:37:48', 0, 'archived', 'Online', NULL, '2024-12-03 12:37:48', '2024-12-03 12:37:48');
INSERT INTO `conferences` (`id`, `name`, `description`, `start_date`, `end_date`, `is_published`, `status`, `region`, `venue_id`, `created_at`, `updated_at`) VALUES (62, 'Gay McLaughlin Sr.', 'Labore natus dolore quia unde atque tenetur qui nostrum. Sequi et iure vitae. Eos ducimus eveniet et reiciendis.', '2025-09-03 12:37:48', '2025-09-05 12:37:48', 0, 'published', 'US', NULL, '2024-12-03 12:37:48', '2024-12-03 12:37:48');
INSERT INTO `conferences` (`id`, `name`, `description`, `start_date`, `end_date`, `is_published`, `status`, `region`, `venue_id`, `created_at`, `updated_at`) VALUES (63, 'Karina Nicolas', 'Voluptatem dolor laudantium perspiciatis. Tempora minima numquam optio quasi. Itaque occaecati asperiores aliquam ut cum accusamus. Quo voluptas praesentium inventore non.', '2025-09-03 12:37:48', '2025-09-05 12:37:48', 0, 'draft', 'Africa', NULL, '2024-12-03 12:37:48', '2024-12-03 12:37:48');
INSERT INTO `conferences` (`id`, `name`, `description`, `start_date`, `end_date`, `is_published`, `status`, `region`, `venue_id`, `created_at`, `updated_at`) VALUES (64, 'Prof. Arvid Klocko DVM', 'Voluptatem est ut doloremque adipisci aut sapiente. Hic sed aut illum corrupti dignissimos. Dolores molestiae et ducimus et aut molestias delectus. Ipsa quae commodi sed aliquam quia aut voluptas.', '2025-09-03 12:37:48', '2025-09-05 12:37:48', 0, 'archived', 'AU', NULL, '2024-12-03 12:37:48', '2024-12-03 12:37:48');
INSERT INTO `conferences` (`id`, `name`, `description`, `start_date`, `end_date`, `is_published`, `status`, `region`, `venue_id`, `created_at`, `updated_at`) VALUES (65, 'Josefa Morar', 'Excepturi dolores aperiam natus libero iusto qui similique. Inventore similique dolor sed architecto quia.', '2025-09-03 12:37:48', '2025-09-05 12:37:48', 0, 'archived', 'AU', NULL, '2024-12-03 12:37:48', '2024-12-03 12:37:48');
INSERT INTO `conferences` (`id`, `name`, `description`, `start_date`, `end_date`, `is_published`, `status`, `region`, `venue_id`, `created_at`, `updated_at`) VALUES (66, 'Kiarra Klocko', 'Molestiae accusantium ab reiciendis sequi nisi ipsa. In dolore rerum voluptatem alias aut quam et. Nulla corporis recusandae veritatis quia quia porro.', '2025-09-03 12:37:48', '2025-09-05 12:37:48', 0, 'published', 'AU', NULL, '2024-12-03 12:37:48', '2024-12-03 12:37:48');
INSERT INTO `conferences` (`id`, `name`, `description`, `start_date`, `end_date`, `is_published`, `status`, `region`, `venue_id`, `created_at`, `updated_at`) VALUES (67, 'Paris Hills', 'Consequatur non eos illum iste. Eveniet consequatur ratione voluptas unde autem reprehenderit et. Nesciunt rem reiciendis dolor ratione asperiores minima quasi. Similique labore placeat nisi est.', '2025-09-03 12:37:48', '2025-09-05 12:37:48', 0, 'archived', 'Indida', NULL, '2024-12-03 12:37:48', '2024-12-03 12:37:48');
INSERT INTO `conferences` (`id`, `name`, `description`, `start_date`, `end_date`, `is_published`, `status`, `region`, `venue_id`, `created_at`, `updated_at`) VALUES (68, 'Dr. Hillary Kautzer', 'Natus et magnam in dolorem. Libero mollitia qui amet et molestiae. Praesentium itaque sit qui consectetur iusto. Delectus et quo amet fugit.', '2025-09-03 12:37:48', '2025-09-05 12:37:48', 0, 'draft', 'EU', NULL, '2024-12-03 12:37:48', '2024-12-03 12:37:48');
INSERT INTO `conferences` (`id`, `name`, `description`, `start_date`, `end_date`, `is_published`, `status`, `region`, `venue_id`, `created_at`, `updated_at`) VALUES (69, 'Craig Mante', 'Officia aut eius animi dolor temporibus ut. Sed quam ut autem cumque distinctio quis. Et sapiente aliquam nam dolores.', '2025-09-03 12:37:48', '2025-09-05 12:37:48', 0, 'published', 'Online', NULL, '2024-12-03 12:37:48', '2024-12-03 12:37:48');
INSERT INTO `conferences` (`id`, `name`, `description`, `start_date`, `end_date`, `is_published`, `status`, `region`, `venue_id`, `created_at`, `updated_at`) VALUES (70, 'Marge Graham', 'Eius fugiat sint omnis molestias veniam et velit. Officia laborum tenetur tempore nisi eos. Et quas magnam optio.', '2025-09-03 12:37:48', '2025-09-05 12:37:48', 0, 'archived', 'US', NULL, '2024-12-03 12:37:48', '2024-12-03 12:37:48');
INSERT INTO `conferences` (`id`, `name`, `description`, `start_date`, `end_date`, `is_published`, `status`, `region`, `venue_id`, `created_at`, `updated_at`) VALUES (71, 'Margaret Jakubowski', 'Natus consectetur officiis illo officiis. Quas laudantium sit voluptas dicta. Placeat modi iusto non accusamus debitis. Mollitia consequatur aut asperiores a aliquid reprehenderit.', '2025-09-03 12:37:48', '2025-09-05 12:37:48', 0, 'published', 'Online', NULL, '2024-12-03 12:37:48', '2024-12-03 12:37:48');
INSERT INTO `conferences` (`id`, `name`, `description`, `start_date`, `end_date`, `is_published`, `status`, `region`, `venue_id`, `created_at`, `updated_at`) VALUES (72, 'Dr. Vivian Lynch', 'Cum natus doloremque ut sint. Natus omnis non at. Iusto voluptas sint autem totam sapiente dolorum.', '2025-09-03 12:37:48', '2025-09-05 12:37:48', 0, 'draft', 'US', NULL, '2024-12-03 12:37:48', '2024-12-03 12:37:48');
INSERT INTO `conferences` (`id`, `name`, `description`, `start_date`, `end_date`, `is_published`, `status`, `region`, `venue_id`, `created_at`, `updated_at`) VALUES (73, 'Gianni Bosco', 'Odit officia totam voluptatem reiciendis rerum in repellendus. Aut autem praesentium nulla deserunt enim consequatur. In accusamus deleniti quidem qui omnis architecto molestias.', '2025-09-03 12:37:48', '2025-09-05 12:37:48', 0, 'published', 'EU', NULL, '2024-12-03 12:37:48', '2024-12-03 12:37:48');
INSERT INTO `conferences` (`id`, `name`, `description`, `start_date`, `end_date`, `is_published`, `status`, `region`, `venue_id`, `created_at`, `updated_at`) VALUES (74, 'Miss Orie Hudson', 'Et omnis omnis sint unde omnis ex. Quis nemo porro odio.', '2025-09-03 12:37:48', '2025-09-05 12:37:48', 0, 'archived', 'Online', NULL, '2024-12-03 12:37:48', '2024-12-03 12:37:48');
INSERT INTO `conferences` (`id`, `name`, `description`, `start_date`, `end_date`, `is_published`, `status`, `region`, `venue_id`, `created_at`, `updated_at`) VALUES (75, 'Jaleel Crooks', 'Velit accusantium debitis quia ratione quis. Natus dolorem dolorem numquam est. Repellendus atque ut fuga vel aut quas.', '2025-09-03 12:37:48', '2025-09-05 12:37:48', 0, 'draft', 'Africa', NULL, '2024-12-03 12:37:48', '2024-12-03 12:37:48');
COMMIT;

-- ----------------------------
-- Table structure for failed_jobs
-- ----------------------------
DROP TABLE IF EXISTS `failed_jobs`;
CREATE TABLE `failed_jobs` (
  `id` bigint unsigned NOT NULL AUTO_INCREMENT,
  `uuid` varchar(255) COLLATE utf8mb4_unicode_ci NOT NULL,
  `connection` text COLLATE utf8mb4_unicode_ci NOT NULL,
  `queue` text COLLATE utf8mb4_unicode_ci NOT NULL,
  `payload` longtext COLLATE utf8mb4_unicode_ci NOT NULL,
  `exception` longtext COLLATE utf8mb4_unicode_ci NOT NULL,
  `failed_at` timestamp NOT NULL DEFAULT CURRENT_TIMESTAMP,
  PRIMARY KEY (`id`),
  UNIQUE KEY `failed_jobs_uuid_unique` (`uuid`)
) ENGINE=InnoDB DEFAULT CHARSET=utf8mb4 COLLATE=utf8mb4_unicode_ci;

-- ----------------------------
-- Records of failed_jobs
-- ----------------------------
BEGIN;
COMMIT;

-- ----------------------------
-- Table structure for job_batches
-- ----------------------------
DROP TABLE IF EXISTS `job_batches`;
CREATE TABLE `job_batches` (
  `id` varchar(255) COLLATE utf8mb4_unicode_ci NOT NULL,
  `name` varchar(255) COLLATE utf8mb4_unicode_ci NOT NULL,
  `total_jobs` int NOT NULL,
  `pending_jobs` int NOT NULL,
  `failed_jobs` int NOT NULL,
  `failed_job_ids` longtext COLLATE utf8mb4_unicode_ci NOT NULL,
  `options` mediumtext COLLATE utf8mb4_unicode_ci,
  `cancelled_at` int DEFAULT NULL,
  `created_at` int NOT NULL,
  `finished_at` int DEFAULT NULL,
  PRIMARY KEY (`id`)
) ENGINE=InnoDB DEFAULT CHARSET=utf8mb4 COLLATE=utf8mb4_unicode_ci;

-- ----------------------------
-- Records of job_batches
-- ----------------------------
BEGIN;
COMMIT;

-- ----------------------------
-- Table structure for jobs
-- ----------------------------
DROP TABLE IF EXISTS `jobs`;
CREATE TABLE `jobs` (
  `id` bigint unsigned NOT NULL AUTO_INCREMENT,
  `queue` varchar(255) COLLATE utf8mb4_unicode_ci NOT NULL,
  `payload` longtext COLLATE utf8mb4_unicode_ci NOT NULL,
  `attempts` tinyint unsigned NOT NULL,
  `reserved_at` int unsigned DEFAULT NULL,
  `available_at` int unsigned NOT NULL,
  `created_at` int unsigned NOT NULL,
  PRIMARY KEY (`id`),
  KEY `jobs_queue_index` (`queue`)
) ENGINE=InnoDB DEFAULT CHARSET=utf8mb4 COLLATE=utf8mb4_unicode_ci;

-- ----------------------------
-- Records of jobs
-- ----------------------------
BEGIN;
COMMIT;

-- ----------------------------
-- Table structure for media
-- ----------------------------
DROP TABLE IF EXISTS `media`;
CREATE TABLE `media` (
  `id` bigint unsigned NOT NULL AUTO_INCREMENT,
  `model_type` varchar(255) COLLATE utf8mb4_unicode_ci NOT NULL,
  `model_id` bigint unsigned NOT NULL,
  `uuid` char(36) COLLATE utf8mb4_unicode_ci DEFAULT NULL,
  `collection_name` varchar(255) COLLATE utf8mb4_unicode_ci NOT NULL,
  `name` varchar(255) COLLATE utf8mb4_unicode_ci NOT NULL,
  `file_name` varchar(255) COLLATE utf8mb4_unicode_ci NOT NULL,
  `mime_type` varchar(255) COLLATE utf8mb4_unicode_ci DEFAULT NULL,
  `disk` varchar(255) COLLATE utf8mb4_unicode_ci NOT NULL,
  `conversions_disk` varchar(255) COLLATE utf8mb4_unicode_ci DEFAULT NULL,
  `size` bigint unsigned NOT NULL,
  `manipulations` json NOT NULL,
  `custom_properties` json NOT NULL,
  `generated_conversions` json NOT NULL,
  `responsive_images` json NOT NULL,
  `order_column` int unsigned DEFAULT NULL,
  `created_at` timestamp NULL DEFAULT NULL,
  `updated_at` timestamp NULL DEFAULT NULL,
  PRIMARY KEY (`id`),
  UNIQUE KEY `media_uuid_unique` (`uuid`),
  KEY `media_model_type_model_id_index` (`model_type`,`model_id`),
  KEY `media_order_column_index` (`order_column`)
) ENGINE=InnoDB DEFAULT CHARSET=utf8mb4 COLLATE=utf8mb4_unicode_ci;

-- ----------------------------
-- Records of media
-- ----------------------------
BEGIN;
COMMIT;

-- ----------------------------
-- Table structure for migrations
-- ----------------------------
DROP TABLE IF EXISTS `migrations`;
CREATE TABLE `migrations` (
  `id` int unsigned NOT NULL AUTO_INCREMENT,
  `migration` varchar(255) COLLATE utf8mb4_unicode_ci NOT NULL,
  `batch` int NOT NULL,
  PRIMARY KEY (`id`)
) ENGINE=InnoDB AUTO_INCREMENT=11 DEFAULT CHARSET=utf8mb4 COLLATE=utf8mb4_unicode_ci;

-- ----------------------------
-- Records of migrations
-- ----------------------------
BEGIN;
INSERT INTO `migrations` (`id`, `migration`, `batch`) VALUES (1, '0001_01_01_000000_create_users_table', 1);
INSERT INTO `migrations` (`id`, `migration`, `batch`) VALUES (2, '0001_01_01_000001_create_cache_table', 1);
INSERT INTO `migrations` (`id`, `migration`, `batch`) VALUES (3, '0001_01_01_000002_create_jobs_table', 1);
INSERT INTO `migrations` (`id`, `migration`, `batch`) VALUES (4, '2024_11_28_173412_create_conferences_table', 1);
INSERT INTO `migrations` (`id`, `migration`, `batch`) VALUES (5, '2024_11_28_173441_create_venues_table', 1);
INSERT INTO `migrations` (`id`, `migration`, `batch`) VALUES (6, '2024_11_28_173505_create_speakers_table', 1);
INSERT INTO `migrations` (`id`, `migration`, `batch`) VALUES (7, '2024_11_28_173515_create_talks_table', 1);
INSERT INTO `migrations` (`id`, `migration`, `batch`) VALUES (8, '2024_11_28_173536_create_conference_speaker_table', 1);
INSERT INTO `migrations` (`id`, `migration`, `batch`) VALUES (9, '2024_11_28_173545_create_conference_talk_table', 1);
INSERT INTO `migrations` (`id`, `migration`, `batch`) VALUES (10, '2024_11_29_204829_create_media_table', 1);
COMMIT;

-- ----------------------------
-- Table structure for password_reset_tokens
-- ----------------------------
DROP TABLE IF EXISTS `password_reset_tokens`;
CREATE TABLE `password_reset_tokens` (
  `email` varchar(255) COLLATE utf8mb4_unicode_ci NOT NULL,
  `token` varchar(255) COLLATE utf8mb4_unicode_ci NOT NULL,
  `created_at` timestamp NULL DEFAULT NULL,
  PRIMARY KEY (`email`)
) ENGINE=InnoDB DEFAULT CHARSET=utf8mb4 COLLATE=utf8mb4_unicode_ci;

-- ----------------------------
-- Records of password_reset_tokens
-- ----------------------------
BEGIN;
COMMIT;

-- ----------------------------
-- Table structure for sessions
-- ----------------------------
DROP TABLE IF EXISTS `sessions`;
CREATE TABLE `sessions` (
  `id` varchar(255) COLLATE utf8mb4_unicode_ci NOT NULL,
  `user_id` bigint unsigned DEFAULT NULL,
  `ip_address` varchar(45) COLLATE utf8mb4_unicode_ci DEFAULT NULL,
  `user_agent` text COLLATE utf8mb4_unicode_ci,
  `payload` longtext COLLATE utf8mb4_unicode_ci NOT NULL,
  `last_activity` int NOT NULL,
  PRIMARY KEY (`id`),
  KEY `sessions_user_id_index` (`user_id`),
  KEY `sessions_last_activity_index` (`last_activity`)
) ENGINE=InnoDB DEFAULT CHARSET=utf8mb4 COLLATE=utf8mb4_unicode_ci;

-- ----------------------------
-- Records of sessions
-- ----------------------------
BEGIN;
INSERT INTO `sessions` (`id`, `user_id`, `ip_address`, `user_agent`, `payload`, `last_activity`) VALUES ('vnPKFqMZSAB0pvdTjEjA3KDWPMtza2IajgWWnP5W', 1, '127.0.0.1', 'Mozilla/5.0 (Macintosh; Intel Mac OS X 10_15_7) AppleWebKit/537.36 (KHTML, like Gecko) Chrome/131.0.0.0 Safari/537.36 Edg/131.0.0.0', 'YTo4OntzOjY6Il90b2tlbiI7czo0MDoiSVh2cldGOU45Mk1tMFFPZEc3cVFvaEhkaTNNWmlpVTZMbTdNSldaaCI7czo5OiJfcHJldmlvdXMiO2E6MTp7czozOiJ1cmwiO3M6NjI6Imh0dHBzOi8vZmlsYW1lbnRvcy50ZXN0L2FwcC9zcGVha2Vycy8xP2FjdGl2ZVJlbGF0aW9uTWFuYWdlcj0xIjt9czo2OiJfZmxhc2giO2E6Mjp7czozOiJvbGQiO2E6MDp7fXM6MzoibmV3IjthOjA6e319czozOiJ1cmwiO2E6MDp7fXM6NTA6ImxvZ2luX3dlYl81OWJhMzZhZGRjMmIyZjk0MDE1ODBmMDE0YzdmNThlYTRlMzA5ODlkIjtpOjE7czoxNzoicGFzc3dvcmRfaGFzaF93ZWIiO3M6NjA6IiQyeSQxMiQ3NFgzc0FidU0wRDJVZDE5WnM0b3dPWmt2TzJMc2VnNHRPdzZhZTVqWmdLdG1OMm01UWZueSI7czo2OiJ0YWJsZXMiO2E6MTp7czoxNzoiTGlzdFRhbGtzX2ZpbHRlcnMiO2E6Mzp7czo4OiJuZXdfdGFsayI7YToxOntzOjU6InZhbHVlIjtOO31zOjc6InNwZWFrZXIiO2E6MTp7czo2OiJ2YWx1ZXMiO2E6MDp7fX1zOjEwOiJoYXNfYXZhdGFyIjthOjE6e3M6ODoiaXNBY3RpdmUiO2I6MDt9fX1zOjg6ImZpbGFtZW50IjthOjA6e319', 1733243195);
COMMIT;

-- ----------------------------
-- Table structure for speakers
-- ----------------------------
DROP TABLE IF EXISTS `speakers`;
CREATE TABLE `speakers` (
  `id` bigint unsigned NOT NULL AUTO_INCREMENT,
  `name` varchar(255) COLLATE utf8mb4_unicode_ci NOT NULL,
  `avatar` text COLLATE utf8mb4_unicode_ci,
  `email` varchar(255) COLLATE utf8mb4_unicode_ci NOT NULL,
  `qualifications` json DEFAULT NULL,
  `bio` text COLLATE utf8mb4_unicode_ci,
  `twitter_handle` varchar(255) COLLATE utf8mb4_unicode_ci DEFAULT NULL,
  `created_at` timestamp NULL DEFAULT NULL,
  `updated_at` timestamp NULL DEFAULT NULL,
  PRIMARY KEY (`id`)
) ENGINE=InnoDB AUTO_INCREMENT=101 DEFAULT CHARSET=utf8mb4 COLLATE=utf8mb4_unicode_ci;

-- ----------------------------
-- Records of speakers
-- ----------------------------
BEGIN;
INSERT INTO `speakers` (`id`, `name`, `avatar`, `email`, `qualifications`, `bio`, `twitter_handle`, `created_at`, `updated_at`) VALUES (1, 'AEliane Bergstrom', 'avatars/01JE6EQNFVXF38911G91F2JV0C.jpg', 'eleazar45@example.com', '[\"business-leader\", \"laracasts-contributor\", \"twitter-influencer\", \"first-time\", \"charisma\"]', '<h2><a href=\"https://www.chiquitoipsum.com/\"><strong>CHIQUITO IPSUM</strong></a></h2><p>Lorem fistrum te va <strong>a hasé pupitaa</strong> caballo blanco caballo negroorl hasta luego Lucas jarl va usté muy cargadoo papaar papaar va usté muy cargadoo va usté muy cargadoo. No te digo trigo por no llamarte Rodrigor caballo blanco caballo negroorl tiene musho peligro torpedo llevame al sircoo ahorarr te va a hasé pupitaa. De la pradera diodenoo pecador me cago en tus muelas. Amatomaa a wan tiene musho peligro ahorarr mamaar va usté muy cargadoo fistro hasta luego Lucas pupita.</p>', 'consequatur', '2024-12-03 12:37:48', '2024-12-03 15:14:38');
INSERT INTO `speakers` (`id`, `name`, `avatar`, `email`, `qualifications`, `bio`, `twitter_handle`, `created_at`, `updated_at`) VALUES (2, 'Ms. Itzel Veum', NULL, 'ethelyn76@example.com', '[\"first-time\", \"unique-perspective\", \"humanitarian\", \"laracasts-contributor\"]', 'Libero voluptas quo sunt totam blanditiis. Delectus voluptate aut qui eius. Esse eligendi harum quis voluptas velit dolore. In quo aspernatur sunt.', 'est', '2024-12-03 12:37:48', '2024-12-03 12:37:48');
INSERT INTO `speakers` (`id`, `name`, `avatar`, `email`, `qualifications`, `bio`, `twitter_handle`, `created_at`, `updated_at`) VALUES (3, 'Prof. Eldred Donnelly Sr.', NULL, 'santina.ryan@example.com', '[\"open-source\"]', 'Eaque et quod beatae. Porro enim laudantium dolorem rerum id reiciendis. Laboriosam a et consequatur at quaerat vero corrupti.', 'non', '2024-12-03 12:37:48', '2024-12-03 12:37:48');
INSERT INTO `speakers` (`id`, `name`, `avatar`, `email`, `qualifications`, `bio`, `twitter_handle`, `created_at`, `updated_at`) VALUES (4, 'Dr. Genevieve Brown', NULL, 'thomas.considine@example.net', '[\"charisma\", \"open-source\", \"hometown-hero\", \"twitter-influencer\", \"youtube-influencer\", \"business-leader\", \"first-time\"]', 'Voluptas similique voluptatem enim non quod unde. Voluptatem quasi iste quod necessitatibus. Neque impedit sit repellendus.', 'vel', '2024-12-03 12:37:48', '2024-12-03 12:37:48');
INSERT INTO `speakers` (`id`, `name`, `avatar`, `email`, `qualifications`, `bio`, `twitter_handle`, `created_at`, `updated_at`) VALUES (5, 'Ms. Delilah Stoltenberg', NULL, 'abel.krajcik@example.org', '[\"hometown-hero\", \"first-time\", \"humanitarian\", \"charisma\", \"open-source\", \"business-leader\"]', 'Nostrum dolores pariatur quam dolorem vel sed. Et ea a assumenda id. Impedit explicabo vel minus quis expedita voluptatem. Eos sunt eum mollitia hic facilis voluptatem.', 'consequatur', '2024-12-03 12:37:48', '2024-12-03 12:37:48');
INSERT INTO `speakers` (`id`, `name`, `avatar`, `email`, `qualifications`, `bio`, `twitter_handle`, `created_at`, `updated_at`) VALUES (6, 'Esteban Feeney', NULL, 'king39@example.org', '[\"unique-perspective\", \"humanitarian\", \"business-leader\", \"open-source\", \"charisma\", \"twitter-influencer\", \"laracasts-contributor\"]', 'Praesentium sunt numquam tenetur error sit optio reiciendis. Id inventore in quia sunt. Quae ea et quibusdam temporibus.', 'reprehenderit', '2024-12-03 12:37:48', '2024-12-03 12:37:48');
INSERT INTO `speakers` (`id`, `name`, `avatar`, `email`, `qualifications`, `bio`, `twitter_handle`, `created_at`, `updated_at`) VALUES (7, 'Jacklyn Jaskolski', NULL, 'pacocha.darren@example.org', '[\"humanitarian\", \"charisma\", \"open-source\", \"hometown-hero\", \"business-leader\", \"first-time\", \"twitter-influencer\", \"laracasts-contributor\", \"unique-perspective\"]', 'Maiores ipsum quis et. Consequatur dignissimos nostrum autem dignissimos. Quam velit tempora non praesentium officiis et. Sed earum magni expedita est ullam.', 'dolore', '2024-12-03 12:37:48', '2024-12-03 12:37:48');
INSERT INTO `speakers` (`id`, `name`, `avatar`, `email`, `qualifications`, `bio`, `twitter_handle`, `created_at`, `updated_at`) VALUES (8, 'Destiny Feil', NULL, 'xgerlach@example.com', '[\"open-source\", \"hometown-hero\", \"unique-perspective\", \"laracasts-contributor\", \"humanitarian\", \"charisma\", \"youtube-influencer\"]', 'Ea nostrum consequuntur ut enim et cum qui. Sunt quaerat omnis nam laborum atque dolorem eaque. Quis rerum aut et aliquid exercitationem aut ex ullam. Rerum dolorum est porro quo unde.', 'et', '2024-12-03 12:37:48', '2024-12-03 12:37:48');
INSERT INTO `speakers` (`id`, `name`, `avatar`, `email`, `qualifications`, `bio`, `twitter_handle`, `created_at`, `updated_at`) VALUES (9, 'Flossie Zboncak', NULL, 'ward35@example.net', '[\"hometown-hero\", \"business-leader\", \"humanitarian\", \"youtube-influencer\", \"first-time\"]', 'Velit qui id eveniet deserunt. Ratione fugiat temporibus non ducimus totam praesentium non. Aut labore vel debitis dolorem et iusto iste.', 'tempore', '2024-12-03 12:37:48', '2024-12-03 12:37:48');
INSERT INTO `speakers` (`id`, `name`, `avatar`, `email`, `qualifications`, `bio`, `twitter_handle`, `created_at`, `updated_at`) VALUES (10, 'Dr. Neil Champlin V', NULL, 'annabel.rice@example.org', '[\"unique-perspective\", \"twitter-influencer\", \"youtube-influencer\", \"humanitarian\", \"open-source\", \"charisma\", \"first-time\", \"laracasts-contributor\"]', 'Molestiae et dolor est dolorem voluptatibus placeat. Quos odio cupiditate quisquam ipsum. Perspiciatis voluptas eveniet animi non sint.', 'enim', '2024-12-03 12:37:48', '2024-12-03 12:37:48');
INSERT INTO `speakers` (`id`, `name`, `avatar`, `email`, `qualifications`, `bio`, `twitter_handle`, `created_at`, `updated_at`) VALUES (11, 'Tabitha Hudson', NULL, 'norene09@example.net', '[\"twitter-influencer\", \"open-source\", \"unique-perspective\", \"first-time\", \"humanitarian\", \"business-leader\", \"laracasts-contributor\", \"charisma\"]', 'Culpa et quaerat voluptatem iusto dolor perspiciatis. Facere et veritatis in ipsam rerum corporis. Tempore ut debitis eaque voluptatibus.', 'aliquid', '2024-12-03 12:37:48', '2024-12-03 12:37:48');
INSERT INTO `speakers` (`id`, `name`, `avatar`, `email`, `qualifications`, `bio`, `twitter_handle`, `created_at`, `updated_at`) VALUES (12, 'Isobel Durgan', NULL, 'hahn.aliyah@example.com', '[\"business-leader\", \"unique-perspective\", \"twitter-influencer\", \"open-source\", \"first-time\", \"hometown-hero\", \"laracasts-contributor\", \"charisma\"]', 'Consequuntur tempora voluptas aliquam voluptatem. Consequuntur est non perspiciatis recusandae. Laudantium recusandae dolorum laborum dicta consequatur enim est.', 'nobis', '2024-12-03 12:37:48', '2024-12-03 12:37:48');
INSERT INTO `speakers` (`id`, `name`, `avatar`, `email`, `qualifications`, `bio`, `twitter_handle`, `created_at`, `updated_at`) VALUES (13, 'Mrs. Celestine Brakus DDS', NULL, 'rylan22@example.net', '[\"charisma\", \"unique-perspective\", \"humanitarian\", \"youtube-influencer\"]', 'Aut est maiores voluptas perferendis omnis autem commodi. Saepe aspernatur aut et voluptatem voluptatem nostrum ut dolor.', 'numquam', '2024-12-03 12:37:48', '2024-12-03 12:37:48');
INSERT INTO `speakers` (`id`, `name`, `avatar`, `email`, `qualifications`, `bio`, `twitter_handle`, `created_at`, `updated_at`) VALUES (14, 'Miss Genesis Grady', NULL, 'van.smitham@example.net', '[\"hometown-hero\", \"laracasts-contributor\", \"twitter-influencer\", \"humanitarian\", \"first-time\", \"youtube-influencer\", \"business-leader\", \"unique-perspective\", \"charisma\"]', 'Odit eveniet provident ut reprehenderit optio. Repellat iusto autem earum velit. Commodi aut nihil quasi necessitatibus est quae aspernatur atque. Ut libero quasi officia error est.', 'voluptates', '2024-12-03 12:37:48', '2024-12-03 12:37:48');
INSERT INTO `speakers` (`id`, `name`, `avatar`, `email`, `qualifications`, `bio`, `twitter_handle`, `created_at`, `updated_at`) VALUES (15, 'Suzanne Hauck II', NULL, 'sydni62@example.org', '[\"hometown-hero\", \"unique-perspective\", \"open-source\", \"twitter-influencer\", \"humanitarian\", \"youtube-influencer\"]', 'Dolores cumque rerum voluptatum aliquid porro. Qui consequatur veniam unde eum sit. Nesciunt doloremque velit rerum sed dolorem nobis dignissimos nostrum.', 'eum', '2024-12-03 12:37:48', '2024-12-03 12:37:48');
INSERT INTO `speakers` (`id`, `name`, `avatar`, `email`, `qualifications`, `bio`, `twitter_handle`, `created_at`, `updated_at`) VALUES (16, 'Electa Stokes', NULL, 'erik.kreiger@example.net', '[\"business-leader\", \"youtube-influencer\", \"open-source\", \"unique-perspective\", \"humanitarian\", \"laracasts-contributor\", \"charisma\", \"twitter-influencer\", \"hometown-hero\", \"first-time\"]', 'Laborum inventore id consequatur iusto eveniet illo. Omnis sit repudiandae iusto. Sed non aut quas qui. Iusto assumenda in omnis aut fugiat facilis quis.', 'cumque', '2024-12-03 12:37:48', '2024-12-03 12:37:48');
INSERT INTO `speakers` (`id`, `name`, `avatar`, `email`, `qualifications`, `bio`, `twitter_handle`, `created_at`, `updated_at`) VALUES (17, 'Roslyn Miller', NULL, 'daren.veum@example.com', '[\"charisma\", \"open-source\", \"first-time\", \"twitter-influencer\", \"youtube-influencer\", \"laracasts-contributor\"]', 'Placeat quia ipsum qui pariatur dicta repellendus et. Et a ullam perferendis sunt. Nulla et ipsa doloribus qui est dolorum quibusdam.', 'consequatur', '2024-12-03 12:37:48', '2024-12-03 12:37:48');
INSERT INTO `speakers` (`id`, `name`, `avatar`, `email`, `qualifications`, `bio`, `twitter_handle`, `created_at`, `updated_at`) VALUES (18, 'Sylvia Flatley', NULL, 'ecorkery@example.org', '[\"humanitarian\"]', 'Et delectus laudantium molestiae fuga sunt labore non. Reprehenderit esse natus dolorum voluptas. Nostrum iste at voluptas qui eum est.', 'labore', '2024-12-03 12:37:48', '2024-12-03 12:37:48');
INSERT INTO `speakers` (`id`, `name`, `avatar`, `email`, `qualifications`, `bio`, `twitter_handle`, `created_at`, `updated_at`) VALUES (19, 'Tyrique Upton', NULL, 'tiffany.kirlin@example.com', '[\"youtube-influencer\", \"humanitarian\", \"open-source\", \"hometown-hero\", \"unique-perspective\", \"twitter-influencer\", \"first-time\"]', 'Et minima quo iusto quaerat distinctio eligendi ipsam. Corporis aliquid aperiam distinctio nisi dignissimos. Et fugiat eaque aut quia. Et in corporis veniam dolorem culpa.', 'recusandae', '2024-12-03 12:37:48', '2024-12-03 12:37:48');
INSERT INTO `speakers` (`id`, `name`, `avatar`, `email`, `qualifications`, `bio`, `twitter_handle`, `created_at`, `updated_at`) VALUES (20, 'Lauren Schimmel', NULL, 'olin.lind@example.com', '[\"humanitarian\", \"hometown-hero\", \"unique-perspective\", \"first-time\", \"open-source\", \"youtube-influencer\", \"laracasts-contributor\", \"charisma\", \"twitter-influencer\", \"business-leader\"]', 'Ipsam voluptas in ab quo repellat sint. Possimus quod tempora dolorem illo eum. Dolores et amet alias nesciunt eum. Eos incidunt eligendi quae voluptas perferendis ea qui.', 'placeat', '2024-12-03 12:37:48', '2024-12-03 12:37:48');
INSERT INTO `speakers` (`id`, `name`, `avatar`, `email`, `qualifications`, `bio`, `twitter_handle`, `created_at`, `updated_at`) VALUES (21, 'Miss Rebecca Grady', NULL, 'deangelo41@example.com', '[\"open-source\", \"humanitarian\"]', 'Rem facere eos blanditiis quas. Occaecati itaque eos libero sunt dolores est. Ut a eligendi aspernatur. Dignissimos dolores quia ex quo quis magni ab.', 'dolorem', '2024-12-03 12:37:48', '2024-12-03 12:37:48');
INSERT INTO `speakers` (`id`, `name`, `avatar`, `email`, `qualifications`, `bio`, `twitter_handle`, `created_at`, `updated_at`) VALUES (22, 'Fidel Yost', NULL, 'leslie77@example.com', '[\"hometown-hero\", \"charisma\", \"youtube-influencer\", \"twitter-influencer\", \"business-leader\"]', 'Facere ad et ex laborum non. Voluptatibus fugiat consequatur sunt autem. Labore cumque cupiditate illum.', 'atque', '2024-12-03 12:37:48', '2024-12-03 12:37:48');
INSERT INTO `speakers` (`id`, `name`, `avatar`, `email`, `qualifications`, `bio`, `twitter_handle`, `created_at`, `updated_at`) VALUES (23, 'Prof. Dax Wolff IV', NULL, 'nwaters@example.org', '[\"humanitarian\", \"open-source\", \"youtube-influencer\"]', 'Iusto vel ipsum dolor. Esse quasi odit ut. Voluptatibus minus blanditiis perspiciatis dignissimos esse dolores libero. Pariatur est molestiae sed commodi porro voluptatem voluptatem.', 'voluptas', '2024-12-03 12:37:48', '2024-12-03 12:37:48');
INSERT INTO `speakers` (`id`, `name`, `avatar`, `email`, `qualifications`, `bio`, `twitter_handle`, `created_at`, `updated_at`) VALUES (24, 'Dr. Gwen Kub', NULL, 'eichmann.noemi@example.com', '[\"unique-perspective\", \"business-leader\", \"charisma\", \"laracasts-contributor\", \"youtube-influencer\", \"hometown-hero\", \"first-time\", \"humanitarian\"]', 'Ipsam provident voluptatem non tempore quas ut natus. Asperiores quia pariatur est non alias. Est tempora error mollitia minus consequatur inventore.', 'perferendis', '2024-12-03 12:37:48', '2024-12-03 12:37:48');
INSERT INTO `speakers` (`id`, `name`, `avatar`, `email`, `qualifications`, `bio`, `twitter_handle`, `created_at`, `updated_at`) VALUES (25, 'Mr. Irwin Vandervort', NULL, 'dion80@example.net', '[\"first-time\", \"laracasts-contributor\", \"youtube-influencer\", \"twitter-influencer\", \"unique-perspective\", \"humanitarian\"]', 'Magni nobis ut accusantium eos. Suscipit sit deserunt impedit hic incidunt. Assumenda quia blanditiis sed omnis maxime recusandae dolore autem.', 'voluptas', '2024-12-03 12:37:48', '2024-12-03 12:37:48');
INSERT INTO `speakers` (`id`, `name`, `avatar`, `email`, `qualifications`, `bio`, `twitter_handle`, `created_at`, `updated_at`) VALUES (26, 'Ms. Domenica Mann', NULL, 'ohara.delta@example.net', '[\"youtube-influencer\", \"humanitarian\", \"hometown-hero\", \"first-time\", \"laracasts-contributor\", \"business-leader\", \"charisma\", \"twitter-influencer\"]', 'Itaque sunt doloremque rerum fugiat magnam commodi in harum. Dicta omnis ab veritatis quidem dolorem recusandae nemo. Totam inventore modi dignissimos sed fugit. Dolore sunt porro molestiae.', 'id', '2024-12-03 12:37:48', '2024-12-03 12:37:48');
INSERT INTO `speakers` (`id`, `name`, `avatar`, `email`, `qualifications`, `bio`, `twitter_handle`, `created_at`, `updated_at`) VALUES (27, 'Dr. Barbara Kub', NULL, 'pschowalter@example.com', '[\"unique-perspective\", \"humanitarian\", \"charisma\", \"youtube-influencer\", \"business-leader\"]', 'Autem tempore molestias molestias error vero. Consectetur fugit odio hic nam sint culpa unde. Sed magnam commodi ut quia voluptatem beatae harum.', 'aut', '2024-12-03 12:37:48', '2024-12-03 12:37:48');
INSERT INTO `speakers` (`id`, `name`, `avatar`, `email`, `qualifications`, `bio`, `twitter_handle`, `created_at`, `updated_at`) VALUES (28, 'Brennon Reichert', NULL, 'nienow.jennings@example.net', '[\"first-time\", \"laracasts-contributor\", \"open-source\", \"charisma\", \"youtube-influencer\", \"humanitarian\"]', 'Libero perferendis consequatur dolorum aut aut minima. Fugit ut quod ex nihil dicta occaecati inventore. Odit porro ut quia voluptatem culpa. Repudiandae natus est sed voluptate voluptatem.', 'quia', '2024-12-03 12:37:48', '2024-12-03 12:37:48');
INSERT INTO `speakers` (`id`, `name`, `avatar`, `email`, `qualifications`, `bio`, `twitter_handle`, `created_at`, `updated_at`) VALUES (29, 'Cicero Jacobs', NULL, 'junius03@example.org', '[\"youtube-influencer\", \"hometown-hero\", \"unique-perspective\", \"humanitarian\"]', 'Qui quaerat provident non. Ut et nemo suscipit voluptatem id qui. Exercitationem a rerum et.', 'et', '2024-12-03 12:37:48', '2024-12-03 12:37:48');
INSERT INTO `speakers` (`id`, `name`, `avatar`, `email`, `qualifications`, `bio`, `twitter_handle`, `created_at`, `updated_at`) VALUES (30, 'Prof. Odessa Gerlach II', NULL, 'adietrich@example.org', '[\"laracasts-contributor\", \"youtube-influencer\", \"first-time\", \"charisma\"]', 'Sed non quis minima fuga. Enim molestiae rem voluptas rerum dolorem maxime. Pariatur nisi aspernatur qui. Laboriosam ut aut non. Quibusdam et odit et et commodi rerum.', 'deleniti', '2024-12-03 12:37:48', '2024-12-03 12:37:48');
INSERT INTO `speakers` (`id`, `name`, `avatar`, `email`, `qualifications`, `bio`, `twitter_handle`, `created_at`, `updated_at`) VALUES (31, 'Billie Stracke DVM', NULL, 'abuckridge@example.net', '[\"business-leader\", \"unique-perspective\", \"youtube-influencer\", \"twitter-influencer\"]', 'Quibusdam vel adipisci cupiditate voluptates mollitia pariatur debitis. Qui voluptate dolorem totam ut. Aut id nihil similique ratione ad. Blanditiis quos impedit ut dignissimos occaecati.', 'quo', '2024-12-03 12:37:48', '2024-12-03 12:37:48');
INSERT INTO `speakers` (`id`, `name`, `avatar`, `email`, `qualifications`, `bio`, `twitter_handle`, `created_at`, `updated_at`) VALUES (32, 'Mattie Schowalter I', NULL, 'keeley69@example.org', '[]', 'Quas inventore neque eveniet possimus maxime aut. Sed aliquam provident commodi aut molestias aut quo voluptatem.', 'magnam', '2024-12-03 12:37:48', '2024-12-03 12:37:48');
INSERT INTO `speakers` (`id`, `name`, `avatar`, `email`, `qualifications`, `bio`, `twitter_handle`, `created_at`, `updated_at`) VALUES (33, 'Tara Howell', NULL, 'jerad.cormier@example.com', '[\"charisma\", \"humanitarian\", \"youtube-influencer\", \"first-time\", \"unique-perspective\"]', 'Sint aut architecto maiores et. Non eveniet exercitationem ut corrupti velit nisi. Vitae qui qui impedit doloremque possimus cumque aut. Temporibus voluptate deleniti minus.', 'deleniti', '2024-12-03 12:37:48', '2024-12-03 12:37:48');
INSERT INTO `speakers` (`id`, `name`, `avatar`, `email`, `qualifications`, `bio`, `twitter_handle`, `created_at`, `updated_at`) VALUES (34, 'Coy Lueilwitz', NULL, 'german81@example.org', '[\"business-leader\", \"humanitarian\", \"twitter-influencer\"]', 'Sint quis iste ipsam quia similique et. Modi qui omnis dolorem deleniti ut. Hic soluta nobis iste.', 'at', '2024-12-03 12:37:48', '2024-12-03 12:37:48');
INSERT INTO `speakers` (`id`, `name`, `avatar`, `email`, `qualifications`, `bio`, `twitter_handle`, `created_at`, `updated_at`) VALUES (35, 'Damaris Mann', NULL, 'yhackett@example.com', '[\"humanitarian\", \"open-source\"]', 'Voluptatem aspernatur consequuntur earum velit magnam et occaecati. Unde voluptatum amet impedit aspernatur. Itaque quaerat et aperiam praesentium et. Labore qui porro odio fugiat non quos veniam.', 'placeat', '2024-12-03 12:37:48', '2024-12-03 12:37:48');
INSERT INTO `speakers` (`id`, `name`, `avatar`, `email`, `qualifications`, `bio`, `twitter_handle`, `created_at`, `updated_at`) VALUES (36, 'Mrs. Karen Sauer I', NULL, 'white.marcos@example.org', '[\"twitter-influencer\", \"hometown-hero\"]', 'Deleniti rerum omnis maxime beatae. Sequi voluptas ut explicabo magnam nam. Est voluptates cum debitis repellat aliquam. Soluta numquam corrupti dolores exercitationem totam fuga.', 'velit', '2024-12-03 12:37:48', '2024-12-03 12:37:48');
INSERT INTO `speakers` (`id`, `name`, `avatar`, `email`, `qualifications`, `bio`, `twitter_handle`, `created_at`, `updated_at`) VALUES (37, 'Mrs. Pearline Durgan', NULL, 'marlee58@example.com', '[]', 'Repellat dolor placeat ad nostrum ex excepturi. Repellat quam quia at doloremque vel. Doloremque non quos corporis nesciunt autem.', 'aperiam', '2024-12-03 12:37:48', '2024-12-03 12:37:48');
INSERT INTO `speakers` (`id`, `name`, `avatar`, `email`, `qualifications`, `bio`, `twitter_handle`, `created_at`, `updated_at`) VALUES (38, 'Alison Bernhard Sr.', NULL, 'gunnar.batz@example.org', '[\"laracasts-contributor\", \"first-time\", \"hometown-hero\"]', 'Sed ea sunt eos ducimus minima earum. Autem quasi commodi voluptatem et ullam numquam. Rerum omnis distinctio nam deleniti est et saepe. Sequi at dolorem aut sit enim et ut.', 'voluptatem', '2024-12-03 12:37:48', '2024-12-03 12:37:48');
INSERT INTO `speakers` (`id`, `name`, `avatar`, `email`, `qualifications`, `bio`, `twitter_handle`, `created_at`, `updated_at`) VALUES (39, 'Allison Zemlak', NULL, 'wilber.mraz@example.org', '[\"first-time\", \"business-leader\", \"open-source\", \"twitter-influencer\", \"laracasts-contributor\", \"humanitarian\", \"hometown-hero\", \"unique-perspective\"]', 'Dolorem temporibus maiores tempora maiores. Id ea occaecati qui. Officia voluptatem eius qui nulla iure officia voluptas.', 'vel', '2024-12-03 12:37:48', '2024-12-03 12:37:48');
INSERT INTO `speakers` (`id`, `name`, `avatar`, `email`, `qualifications`, `bio`, `twitter_handle`, `created_at`, `updated_at`) VALUES (40, 'Royal Roberts V', NULL, 'pstark@example.org', '[\"open-source\"]', 'Aut sed cumque dignissimos maxime rem voluptate. Et aut atque quos nam rem ex aut. Voluptates repudiandae et nostrum esse.', 'sapiente', '2024-12-03 12:37:48', '2024-12-03 12:37:48');
INSERT INTO `speakers` (`id`, `name`, `avatar`, `email`, `qualifications`, `bio`, `twitter_handle`, `created_at`, `updated_at`) VALUES (41, 'Melba Kassulke', NULL, 'tess52@example.com', '[\"humanitarian\", \"twitter-influencer\", \"open-source\", \"unique-perspective\"]', 'Eum consequatur et fuga consequatur. Error id ut velit veniam corporis enim ut. Et fuga quia perspiciatis debitis. Consequatur sed et consequuntur voluptates exercitationem voluptas inventore.', 'ea', '2024-12-03 12:37:48', '2024-12-03 12:37:48');
INSERT INTO `speakers` (`id`, `name`, `avatar`, `email`, `qualifications`, `bio`, `twitter_handle`, `created_at`, `updated_at`) VALUES (42, 'Otis Jast', NULL, 'cdenesik@example.net', '[]', 'Tempora sunt non et beatae et corrupti expedita. Nihil non odit beatae expedita quasi. Autem quia quis quia. Aut consequuntur qui accusantium ut iusto nobis.', 'occaecati', '2024-12-03 12:37:48', '2024-12-03 12:37:48');
INSERT INTO `speakers` (`id`, `name`, `avatar`, `email`, `qualifications`, `bio`, `twitter_handle`, `created_at`, `updated_at`) VALUES (43, 'Miss Roma Gerlach', NULL, 'holly.rowe@example.com', '[\"open-source\", \"laracasts-contributor\", \"business-leader\", \"charisma\", \"unique-perspective\"]', 'Voluptas aut cupiditate nostrum iusto reiciendis quia maiores. Eos veritatis dolores aut provident omnis ipsum blanditiis enim. Ipsa est alias ut aliquid. Voluptatibus amet dolorem nemo.', 'sapiente', '2024-12-03 12:37:48', '2024-12-03 12:37:48');
INSERT INTO `speakers` (`id`, `name`, `avatar`, `email`, `qualifications`, `bio`, `twitter_handle`, `created_at`, `updated_at`) VALUES (44, 'Verla Christiansen', NULL, 'lucas.wyman@example.org', '[\"hometown-hero\", \"youtube-influencer\", \"first-time\", \"open-source\", \"business-leader\"]', 'Explicabo iure voluptatem deserunt aspernatur. Porro dolorem temporibus placeat unde eum eos. Architecto saepe eligendi perspiciatis unde ducimus rerum.', 'voluptatem', '2024-12-03 12:37:48', '2024-12-03 12:37:48');
INSERT INTO `speakers` (`id`, `name`, `avatar`, `email`, `qualifications`, `bio`, `twitter_handle`, `created_at`, `updated_at`) VALUES (45, 'Dr. Berta Marvin', NULL, 'shana.kovacek@example.net', '[\"laracasts-contributor\", \"unique-perspective\", \"open-source\", \"charisma\", \"humanitarian\", \"twitter-influencer\", \"youtube-influencer\", \"first-time\"]', 'Non qui quos accusamus numquam aut. Quae sit facilis eum sed aliquam enim facilis. Cumque omnis modi minima quis ut officiis eligendi sequi.', 'totam', '2024-12-03 12:37:48', '2024-12-03 12:37:48');
INSERT INTO `speakers` (`id`, `name`, `avatar`, `email`, `qualifications`, `bio`, `twitter_handle`, `created_at`, `updated_at`) VALUES (46, 'Schuyler Smitham', NULL, 'haylie92@example.com', '[\"business-leader\", \"charisma\", \"twitter-influencer\"]', 'Similique dolores reprehenderit quam vero fugiat ipsum. Dolor voluptatum quo rerum provident fuga. Eveniet alias est mollitia cupiditate illo aliquam quia dicta. Magnam aut error aut.', 'rem', '2024-12-03 12:37:48', '2024-12-03 12:37:48');
INSERT INTO `speakers` (`id`, `name`, `avatar`, `email`, `qualifications`, `bio`, `twitter_handle`, `created_at`, `updated_at`) VALUES (47, 'Ashly Johnston', NULL, 'kianna.schoen@example.com', '[\"twitter-influencer\", \"hometown-hero\", \"first-time\", \"charisma\", \"laracasts-contributor\", \"open-source\"]', 'At quia et quae dolores ut quasi. Eum eaque ea cumque magni pariatur. Libero officia deserunt harum eaque ut fuga nulla.', 'alias', '2024-12-03 12:37:48', '2024-12-03 12:37:48');
INSERT INTO `speakers` (`id`, `name`, `avatar`, `email`, `qualifications`, `bio`, `twitter_handle`, `created_at`, `updated_at`) VALUES (48, 'Aliyah Bartoletti', NULL, 'olittel@example.com', '[\"laracasts-contributor\", \"twitter-influencer\", \"youtube-influencer\", \"open-source\", \"business-leader\", \"hometown-hero\", \"unique-perspective\", \"first-time\"]', 'Esse aut incidunt velit eos nulla earum debitis ipsam. Illum praesentium minus ullam minus vel eum aut iusto. Qui aut rem voluptatibus eum cumque. Porro earum ullam recusandae id aut.', 'maiores', '2024-12-03 12:37:48', '2024-12-03 12:37:48');
INSERT INTO `speakers` (`id`, `name`, `avatar`, `email`, `qualifications`, `bio`, `twitter_handle`, `created_at`, `updated_at`) VALUES (49, 'Jeromy Kirlin II', NULL, 'barney07@example.org', '[\"charisma\", \"hometown-hero\", \"open-source\", \"humanitarian\", \"business-leader\", \"youtube-influencer\", \"laracasts-contributor\", \"first-time\", \"twitter-influencer\", \"unique-perspective\"]', 'Ut voluptatum harum aut sequi fuga consectetur assumenda. Nostrum debitis suscipit non consequatur consequatur quam aperiam.', 'non', '2024-12-03 12:37:48', '2024-12-03 12:37:48');
INSERT INTO `speakers` (`id`, `name`, `avatar`, `email`, `qualifications`, `bio`, `twitter_handle`, `created_at`, `updated_at`) VALUES (50, 'Ms. Demetris Murphy', NULL, 'damore.katarina@example.org', '[\"open-source\", \"first-time\", \"twitter-influencer\"]', 'Reiciendis praesentium dolorem dolorem. Vero voluptatem commodi provident vitae necessitatibus. Alias nisi fugit reiciendis dolore nihil dolores voluptates neque.', 'assumenda', '2024-12-03 12:37:48', '2024-12-03 12:37:48');
INSERT INTO `speakers` (`id`, `name`, `avatar`, `email`, `qualifications`, `bio`, `twitter_handle`, `created_at`, `updated_at`) VALUES (51, 'Dr. Destiney Lynch', NULL, 'hammes.lew@example.net', '[]', 'Molestiae voluptas facilis dicta dolore porro quaerat tempore non. Repellat error aut saepe quisquam non unde ea nostrum. Est ut itaque et accusamus maiores suscipit laboriosam.', 'voluptatem', '2024-12-03 12:37:48', '2024-12-03 12:37:48');
INSERT INTO `speakers` (`id`, `name`, `avatar`, `email`, `qualifications`, `bio`, `twitter_handle`, `created_at`, `updated_at`) VALUES (52, 'Mr. August Muller DDS', NULL, 'white.alexandre@example.org', '[]', 'Ea dolorem laborum et at nihil placeat laboriosam. Ut et quia est laboriosam. Dolor cum inventore libero voluptatibus.', 'corporis', '2024-12-03 12:37:48', '2024-12-03 12:37:48');
INSERT INTO `speakers` (`id`, `name`, `avatar`, `email`, `qualifications`, `bio`, `twitter_handle`, `created_at`, `updated_at`) VALUES (53, 'Prof. Mustafa Gutmann DVM', NULL, 'orn.elsa@example.org', '[\"unique-perspective\", \"youtube-influencer\", \"twitter-influencer\", \"first-time\", \"hometown-hero\"]', 'Officiis ut eveniet in excepturi quasi maxime. Rerum neque qui quod at nobis labore. Quia ea vel ut laborum. Non voluptates esse ea aspernatur doloremque.', 'et', '2024-12-03 12:37:48', '2024-12-03 12:37:48');
INSERT INTO `speakers` (`id`, `name`, `avatar`, `email`, `qualifications`, `bio`, `twitter_handle`, `created_at`, `updated_at`) VALUES (54, 'Eleazar Deckow', NULL, 'vsenger@example.com', '[\"youtube-influencer\", \"humanitarian\", \"twitter-influencer\", \"charisma\", \"unique-perspective\", \"laracasts-contributor\", \"hometown-hero\"]', 'Quia voluptatibus reprehenderit pariatur libero eum unde sit. Temporibus nisi eligendi minus sapiente ut aspernatur blanditiis. Aut recusandae cupiditate qui deserunt fuga deserunt.', 'necessitatibus', '2024-12-03 12:37:48', '2024-12-03 12:37:48');
INSERT INTO `speakers` (`id`, `name`, `avatar`, `email`, `qualifications`, `bio`, `twitter_handle`, `created_at`, `updated_at`) VALUES (55, 'Florida Bode Sr.', NULL, 'homenick.tre@example.com', '[\"open-source\", \"charisma\", \"unique-perspective\", \"twitter-influencer\", \"hometown-hero\", \"laracasts-contributor\", \"business-leader\", \"humanitarian\", \"first-time\", \"youtube-influencer\"]', 'Distinctio in id ut qui. Quae animi ullam placeat sit sit dolor. Commodi dolorem sit tenetur veniam atque. Eveniet est voluptate ut libero ipsam vitae aut labore.', 'qui', '2024-12-03 12:37:48', '2024-12-03 12:37:48');
INSERT INTO `speakers` (`id`, `name`, `avatar`, `email`, `qualifications`, `bio`, `twitter_handle`, `created_at`, `updated_at`) VALUES (56, 'Antonio Lakin', NULL, 'kihn.pearlie@example.net', '[\"youtube-influencer\", \"laracasts-contributor\", \"unique-perspective\", \"open-source\", \"hometown-hero\", \"twitter-influencer\", \"business-leader\", \"charisma\"]', 'Laborum saepe aut ipsam perspiciatis aut. Iure aliquam est et alias nulla natus quis. Nesciunt illum porro aut autem eos quasi.', 'eum', '2024-12-03 12:37:48', '2024-12-03 12:37:48');
INSERT INTO `speakers` (`id`, `name`, `avatar`, `email`, `qualifications`, `bio`, `twitter_handle`, `created_at`, `updated_at`) VALUES (57, 'Vernon Jacobi', NULL, 'gilberto.aufderhar@example.org', '[\"youtube-influencer\", \"first-time\", \"twitter-influencer\", \"business-leader\"]', 'Fuga distinctio ea excepturi quo voluptas perferendis. Accusamus rerum quis voluptates id ipsum quis quasi. Rerum ut nulla ut beatae. Est incidunt natus hic ad.', 'et', '2024-12-03 12:37:48', '2024-12-03 12:37:48');
INSERT INTO `speakers` (`id`, `name`, `avatar`, `email`, `qualifications`, `bio`, `twitter_handle`, `created_at`, `updated_at`) VALUES (58, 'Ms. Angela Weber DVM', NULL, 'dturner@example.org', '[\"humanitarian\", \"youtube-influencer\", \"hometown-hero\", \"business-leader\", \"charisma\"]', 'Expedita ad tenetur eum amet. Cumque ea aspernatur repudiandae in officia omnis. Aut quisquam perferendis dolorem cum. Quis reprehenderit aspernatur nihil quisquam.', 'nemo', '2024-12-03 12:37:48', '2024-12-03 12:37:48');
INSERT INTO `speakers` (`id`, `name`, `avatar`, `email`, `qualifications`, `bio`, `twitter_handle`, `created_at`, `updated_at`) VALUES (59, 'Levi Rempel Jr.', NULL, 'camilla56@example.org', '[\"charisma\", \"humanitarian\", \"first-time\", \"youtube-influencer\", \"laracasts-contributor\", \"twitter-influencer\", \"unique-perspective\"]', 'Est et omnis incidunt nam fuga totam. Amet vel sed cum aut sit hic. Voluptas suscipit recusandae maxime fugiat. In voluptatum autem et dolore. Aut qui repudiandae eos omnis incidunt.', 'aliquam', '2024-12-03 12:37:48', '2024-12-03 12:37:48');
INSERT INTO `speakers` (`id`, `name`, `avatar`, `email`, `qualifications`, `bio`, `twitter_handle`, `created_at`, `updated_at`) VALUES (60, 'Prof. Zack Davis DVM', NULL, 'emard.dasia@example.net', '[\"open-source\", \"charisma\", \"unique-perspective\", \"first-time\"]', 'Dolores quia maxime autem. Dicta vel incidunt rerum atque saepe id fugit quia. Repudiandae in dolores nisi earum distinctio.', 'quia', '2024-12-03 12:37:48', '2024-12-03 12:37:48');
INSERT INTO `speakers` (`id`, `name`, `avatar`, `email`, `qualifications`, `bio`, `twitter_handle`, `created_at`, `updated_at`) VALUES (61, 'Ms. Lexie Metz DDS', NULL, 'champlin.junius@example.org', '[\"first-time\"]', 'Enim vel a unde deleniti. Et perferendis rerum et libero in voluptas sunt. At officiis ut quia unde non minima excepturi.', 'rerum', '2024-12-03 12:37:48', '2024-12-03 12:37:48');
INSERT INTO `speakers` (`id`, `name`, `avatar`, `email`, `qualifications`, `bio`, `twitter_handle`, `created_at`, `updated_at`) VALUES (62, 'Prof. Raquel Yundt II', NULL, 'elwyn.heathcote@example.net', '[\"business-leader\", \"hometown-hero\", \"first-time\", \"humanitarian\", \"open-source\", \"twitter-influencer\", \"unique-perspective\"]', 'Et nulla ex recusandae voluptatem accusantium. Consequatur magni labore ducimus saepe eum. Possimus vitae ad est nulla quo.', 'doloremque', '2024-12-03 12:37:48', '2024-12-03 12:37:48');
INSERT INTO `speakers` (`id`, `name`, `avatar`, `email`, `qualifications`, `bio`, `twitter_handle`, `created_at`, `updated_at`) VALUES (63, 'Dr. Lafayette Hane DDS', NULL, 'hannah.shields@example.com', '[\"humanitarian\"]', 'Placeat laudantium rerum non earum. Corrupti accusantium et voluptas minima dolores in optio soluta. Sit rerum eum nihil ipsa sit dolores eveniet.', 'quis', '2024-12-03 12:37:48', '2024-12-03 12:37:48');
INSERT INTO `speakers` (`id`, `name`, `avatar`, `email`, `qualifications`, `bio`, `twitter_handle`, `created_at`, `updated_at`) VALUES (64, 'Kirstin Dooley', NULL, 'hahn.berry@example.com', '[\"humanitarian\", \"youtube-influencer\", \"business-leader\", \"twitter-influencer\", \"charisma\", \"open-source\", \"hometown-hero\", \"first-time\", \"laracasts-contributor\", \"unique-perspective\"]', 'Nihil beatae dignissimos nisi voluptatum repudiandae quam rerum. Voluptatem eos sed eius et reiciendis. Ut eos placeat quis voluptatem.', 'ducimus', '2024-12-03 12:37:48', '2024-12-03 12:37:48');
INSERT INTO `speakers` (`id`, `name`, `avatar`, `email`, `qualifications`, `bio`, `twitter_handle`, `created_at`, `updated_at`) VALUES (65, 'Dr. Maud Johns', NULL, 'annamarie87@example.net', '[\"unique-perspective\", \"business-leader\"]', 'Totam quia et non corrupti quibusdam. Quis nostrum et ducimus maiores. Illum corporis nisi perferendis tempore rerum ut quidem.', 'voluptas', '2024-12-03 12:37:48', '2024-12-03 12:37:48');
INSERT INTO `speakers` (`id`, `name`, `avatar`, `email`, `qualifications`, `bio`, `twitter_handle`, `created_at`, `updated_at`) VALUES (66, 'Mrs. Vergie Cormier IV', NULL, 'greta.luettgen@example.com', '[\"unique-perspective\", \"first-time\", \"business-leader\", \"youtube-influencer\", \"humanitarian\", \"laracasts-contributor\"]', 'Sed vero ut praesentium non nemo. Officiis voluptas doloribus quasi est soluta ipsa. Alias ipsum quia aut dolor magnam non.', 'molestiae', '2024-12-03 12:37:48', '2024-12-03 12:37:48');
INSERT INTO `speakers` (`id`, `name`, `avatar`, `email`, `qualifications`, `bio`, `twitter_handle`, `created_at`, `updated_at`) VALUES (67, 'Aracely Johns', NULL, 'mjast@example.org', '[\"youtube-influencer\", \"business-leader\"]', 'Qui nihil inventore veritatis enim. Nemo ipsa et debitis et incidunt doloribus voluptas velit. Dolores dolorum ut voluptas porro possimus.', 'perferendis', '2024-12-03 12:37:48', '2024-12-03 12:37:48');
INSERT INTO `speakers` (`id`, `name`, `avatar`, `email`, `qualifications`, `bio`, `twitter_handle`, `created_at`, `updated_at`) VALUES (68, 'Cary Larson', NULL, 'melissa.mohr@example.com', '[\"youtube-influencer\", \"charisma\", \"unique-perspective\", \"hometown-hero\", \"first-time\", \"humanitarian\", \"business-leader\", \"twitter-influencer\"]', 'Facere et et omnis quod quia iusto. Explicabo corrupti iusto aut modi. Voluptatem sequi aut vitae porro vel corrupti voluptas. Iure laboriosam et quia voluptas officia.', 'voluptatem', '2024-12-03 12:37:48', '2024-12-03 12:37:48');
INSERT INTO `speakers` (`id`, `name`, `avatar`, `email`, `qualifications`, `bio`, `twitter_handle`, `created_at`, `updated_at`) VALUES (69, 'Burley Christiansen', NULL, 'abigale.lakin@example.net', '[\"first-time\", \"hometown-hero\", \"unique-perspective\", \"twitter-influencer\"]', 'Consequatur architecto unde labore mollitia corrupti est est. Consequatur optio hic aut quibusdam est ipsa laboriosam. Quibusdam eligendi id molestiae nobis molestias. Eos eligendi optio quia enim.', 'enim', '2024-12-03 12:37:48', '2024-12-03 12:37:48');
INSERT INTO `speakers` (`id`, `name`, `avatar`, `email`, `qualifications`, `bio`, `twitter_handle`, `created_at`, `updated_at`) VALUES (70, 'Mr. Emery Dooley MD', NULL, 'sherwood74@example.org', '[\"open-source\", \"unique-perspective\", \"business-leader\", \"youtube-influencer\", \"laracasts-contributor\", \"charisma\", \"hometown-hero\", \"twitter-influencer\"]', 'Ratione et quia consequatur. Quod eaque atque voluptatum natus qui laboriosam. Eligendi iste molestiae velit sed atque repudiandae doloribus laudantium. Sint ut velit sed culpa neque fugit sit.', 'illo', '2024-12-03 12:37:48', '2024-12-03 12:37:48');
INSERT INTO `speakers` (`id`, `name`, `avatar`, `email`, `qualifications`, `bio`, `twitter_handle`, `created_at`, `updated_at`) VALUES (71, 'Korbin Kiehn', NULL, 'filomena.price@example.net', '[\"humanitarian\", \"laracasts-contributor\", \"youtube-influencer\", \"open-source\", \"unique-perspective\", \"hometown-hero\", \"business-leader\"]', 'Natus rerum neque et et aperiam quo. Non aliquam dicta sunt sint. Aut consequatur quia voluptatem consequatur fuga.', 'nemo', '2024-12-03 12:37:48', '2024-12-03 12:37:48');
INSERT INTO `speakers` (`id`, `name`, `avatar`, `email`, `qualifications`, `bio`, `twitter_handle`, `created_at`, `updated_at`) VALUES (72, 'Gail Gerlach', NULL, 'immanuel18@example.com', '[\"twitter-influencer\", \"humanitarian\"]', 'Provident natus perferendis et culpa pariatur. Ut voluptas harum molestiae beatae. Eum esse optio delectus magni. Repudiandae unde quaerat tempore iusto quia.', 'eos', '2024-12-03 12:37:48', '2024-12-03 12:37:48');
INSERT INTO `speakers` (`id`, `name`, `avatar`, `email`, `qualifications`, `bio`, `twitter_handle`, `created_at`, `updated_at`) VALUES (73, 'Dr. Reyna Schaden DDS', NULL, 'lehner.craig@example.org', '[\"first-time\", \"laracasts-contributor\"]', 'Ullam nulla voluptatibus dolorem. Quo dolor libero commodi voluptatem accusamus. Assumenda consequatur commodi omnis modi est ex voluptas. Molestiae temporibus aut laboriosam nemo aliquid sit quia.', 'rem', '2024-12-03 12:37:48', '2024-12-03 12:37:48');
INSERT INTO `speakers` (`id`, `name`, `avatar`, `email`, `qualifications`, `bio`, `twitter_handle`, `created_at`, `updated_at`) VALUES (74, 'Monica Marks', NULL, 'chris78@example.com', '[\"hometown-hero\", \"open-source\", \"business-leader\"]', 'Dicta dolor cupiditate similique aspernatur quae. Nulla occaecati est est. Minima ut qui fuga amet praesentium. Omnis id quia est aspernatur aliquam et.', 'similique', '2024-12-03 12:37:48', '2024-12-03 12:37:48');
INSERT INTO `speakers` (`id`, `name`, `avatar`, `email`, `qualifications`, `bio`, `twitter_handle`, `created_at`, `updated_at`) VALUES (75, 'Andrew Weber Sr.', NULL, 'jmueller@example.org', '[\"charisma\", \"unique-perspective\", \"humanitarian\", \"business-leader\", \"open-source\", \"hometown-hero\", \"laracasts-contributor\"]', 'Temporibus vel est dicta minima et ut. Nostrum rerum cum consequatur cum adipisci corrupti. Consequatur ex laborum placeat est minus laboriosam et amet. Minus et qui harum numquam esse aut.', 'qui', '2024-12-03 12:37:48', '2024-12-03 12:37:48');
INSERT INTO `speakers` (`id`, `name`, `avatar`, `email`, `qualifications`, `bio`, `twitter_handle`, `created_at`, `updated_at`) VALUES (76, 'Prof. Lionel Dicki', NULL, 'lucie40@example.net', '[\"youtube-influencer\"]', 'Doloremque qui nam enim tempore et esse. Provident laboriosam sint et aliquid et et. Magni est quo esse qui ipsum.', 'adipisci', '2024-12-03 12:37:48', '2024-12-03 12:37:48');
INSERT INTO `speakers` (`id`, `name`, `avatar`, `email`, `qualifications`, `bio`, `twitter_handle`, `created_at`, `updated_at`) VALUES (77, 'Ozella Schroeder', NULL, 'drew89@example.net', '[\"charisma\", \"laracasts-contributor\", \"first-time\", \"youtube-influencer\", \"open-source\", \"humanitarian\", \"unique-perspective\", \"twitter-influencer\", \"hometown-hero\"]', 'Magnam quia aliquid atque similique nostrum. Et vel eos beatae voluptatibus reprehenderit.', 'culpa', '2024-12-03 12:37:48', '2024-12-03 12:37:48');
INSERT INTO `speakers` (`id`, `name`, `avatar`, `email`, `qualifications`, `bio`, `twitter_handle`, `created_at`, `updated_at`) VALUES (78, 'Mrs. Rosalind Nikolaus', NULL, 'windler.clint@example.org', '[]', 'Dolor qui enim sed odit. Et labore delectus cum quisquam vitae. Tempore blanditiis illum sit recusandae deserunt et deserunt.', 'ipsa', '2024-12-03 12:37:48', '2024-12-03 12:37:48');
INSERT INTO `speakers` (`id`, `name`, `avatar`, `email`, `qualifications`, `bio`, `twitter_handle`, `created_at`, `updated_at`) VALUES (79, 'Dr. Mozell Morar MD', NULL, 'moses.johnston@example.org', '[\"laracasts-contributor\", \"hometown-hero\", \"youtube-influencer\", \"humanitarian\", \"open-source\"]', 'Dolor ex eos qui. Quo consequatur nesciunt soluta quo tempora. Minus est suscipit aut ipsam.', 'odit', '2024-12-03 12:37:48', '2024-12-03 12:37:48');
INSERT INTO `speakers` (`id`, `name`, `avatar`, `email`, `qualifications`, `bio`, `twitter_handle`, `created_at`, `updated_at`) VALUES (80, 'Jessika Mosciski', NULL, 'rosemarie77@example.org', '[\"humanitarian\", \"unique-perspective\", \"first-time\", \"hometown-hero\", \"business-leader\"]', 'Alias est veniam repudiandae ducimus aspernatur qui. Quaerat molestiae molestiae repellat quam inventore et itaque. Praesentium illum labore iste sit excepturi tenetur esse.', 'iusto', '2024-12-03 12:37:48', '2024-12-03 12:37:48');
INSERT INTO `speakers` (`id`, `name`, `avatar`, `email`, `qualifications`, `bio`, `twitter_handle`, `created_at`, `updated_at`) VALUES (81, 'Anita Kunze', NULL, 'scarroll@example.com', '[\"youtube-influencer\", \"laracasts-contributor\", \"hometown-hero\", \"charisma\", \"business-leader\", \"unique-perspective\", \"humanitarian\", \"open-source\", \"twitter-influencer\", \"first-time\"]', 'Qui commodi corrupti adipisci occaecati est omnis consequatur. Corrupti voluptate nam illum in. Cum ratione dolorem libero sint vel qui quaerat. Voluptatem facilis quidem repellendus sint.', 'tenetur', '2024-12-03 12:37:48', '2024-12-03 12:37:48');
INSERT INTO `speakers` (`id`, `name`, `avatar`, `email`, `qualifications`, `bio`, `twitter_handle`, `created_at`, `updated_at`) VALUES (82, 'Mrs. Gilda Volkman', NULL, 'jhintz@example.com', '[\"hometown-hero\", \"twitter-influencer\", \"humanitarian\", \"first-time\", \"charisma\", \"unique-perspective\", \"open-source\"]', 'Mollitia voluptatem corrupti provident deserunt. Quia cum unde possimus consequatur voluptas laborum.', 'perferendis', '2024-12-03 12:37:48', '2024-12-03 12:37:48');
INSERT INTO `speakers` (`id`, `name`, `avatar`, `email`, `qualifications`, `bio`, `twitter_handle`, `created_at`, `updated_at`) VALUES (83, 'Quinn Miller', NULL, 'gorczany.aric@example.net', '[\"humanitarian\", \"laracasts-contributor\", \"first-time\", \"charisma\", \"youtube-influencer\", \"twitter-influencer\"]', 'Itaque consectetur unde culpa pariatur exercitationem quia sit. Quia nobis hic qui et eos. Sit explicabo a est.', 'doloribus', '2024-12-03 12:37:48', '2024-12-03 12:37:48');
INSERT INTO `speakers` (`id`, `name`, `avatar`, `email`, `qualifications`, `bio`, `twitter_handle`, `created_at`, `updated_at`) VALUES (84, 'Dr. Roxane Bashirian', NULL, 'hcrona@example.org', '[\"twitter-influencer\", \"unique-perspective\", \"first-time\", \"charisma\", \"humanitarian\", \"business-leader\"]', 'Corporis architecto quos a fugiat alias consequatur reprehenderit. Optio nesciunt et deserunt quisquam molestiae in quaerat sequi. Rerum est hic facilis quis minus molestiae illum. At ea eum labore.', 'vitae', '2024-12-03 12:37:48', '2024-12-03 12:37:48');
INSERT INTO `speakers` (`id`, `name`, `avatar`, `email`, `qualifications`, `bio`, `twitter_handle`, `created_at`, `updated_at`) VALUES (85, 'Fidel Morissette', NULL, 'lionel39@example.com', '[\"hometown-hero\", \"unique-perspective\", \"charisma\", \"laracasts-contributor\", \"open-source\", \"business-leader\", \"first-time\", \"humanitarian\", \"youtube-influencer\", \"twitter-influencer\"]', 'Ut sequi iusto laboriosam dolores beatae. Quo nisi quia et. Voluptas facilis dolore tempora quasi. Qui tempora reprehenderit doloremque sunt culpa eum.', 'at', '2024-12-03 12:37:48', '2024-12-03 12:37:48');
INSERT INTO `speakers` (`id`, `name`, `avatar`, `email`, `qualifications`, `bio`, `twitter_handle`, `created_at`, `updated_at`) VALUES (86, 'Dr. Anthony Hill', NULL, 'leonel89@example.net', '[\"twitter-influencer\", \"first-time\", \"unique-perspective\", \"business-leader\", \"hometown-hero\", \"laracasts-contributor\", \"humanitarian\", \"open-source\"]', 'Quia sunt qui porro et vitae ratione. Culpa excepturi et et vero quae. Modi vero ut accusamus culpa alias nulla. Et illo debitis qui aperiam neque.', 'officiis', '2024-12-03 12:37:48', '2024-12-03 12:37:48');
INSERT INTO `speakers` (`id`, `name`, `avatar`, `email`, `qualifications`, `bio`, `twitter_handle`, `created_at`, `updated_at`) VALUES (87, 'Ladarius Langosh', NULL, 'mellie.jakubowski@example.com', '[]', 'Doloribus sed et iste alias dolor sit. Explicabo dolor eveniet minus deserunt eos. Voluptatem quos aut dicta culpa non et modi.', 'distinctio', '2024-12-03 12:37:48', '2024-12-03 12:37:48');
INSERT INTO `speakers` (`id`, `name`, `avatar`, `email`, `qualifications`, `bio`, `twitter_handle`, `created_at`, `updated_at`) VALUES (88, 'Elissa Krajcik', NULL, 'dena13@example.net', '[\"humanitarian\", \"business-leader\", \"first-time\", \"youtube-influencer\", \"unique-perspective\", \"twitter-influencer\", \"hometown-hero\", \"laracasts-contributor\", \"charisma\", \"open-source\"]', 'Animi quia optio aut. Est ad voluptatem iure non. Maxime voluptates dolorem voluptatem commodi. Facilis commodi aut assumenda laborum expedita.', 'sed', '2024-12-03 12:37:48', '2024-12-03 12:37:48');
INSERT INTO `speakers` (`id`, `name`, `avatar`, `email`, `qualifications`, `bio`, `twitter_handle`, `created_at`, `updated_at`) VALUES (89, 'Mr. Kristoffer Zemlak DVM', NULL, 'dhyatt@example.net', '[\"first-time\", \"twitter-influencer\", \"unique-perspective\", \"charisma\", \"laracasts-contributor\", \"open-source\", \"hometown-hero\"]', 'Quo vero dignissimos delectus minus. Eligendi molestias excepturi tempore corrupti tenetur. Voluptas id dolorem qui recusandae officia quia. Mollitia sint rerum quis nobis dolore velit.', 'aut', '2024-12-03 12:37:48', '2024-12-03 12:37:48');
INSERT INTO `speakers` (`id`, `name`, `avatar`, `email`, `qualifications`, `bio`, `twitter_handle`, `created_at`, `updated_at`) VALUES (90, 'Miss Avis Ferry', NULL, 'fbuckridge@example.net', '[\"humanitarian\", \"hometown-hero\", \"first-time\", \"laracasts-contributor\", \"charisma\", \"business-leader\", \"twitter-influencer\", \"open-source\", \"unique-perspective\"]', 'Id dolor aut dolor non. Nam voluptas magnam qui fuga eius. Voluptas iure reprehenderit eum consequatur. Placeat omnis nam non.', 'fuga', '2024-12-03 12:37:48', '2024-12-03 12:37:48');
INSERT INTO `speakers` (`id`, `name`, `avatar`, `email`, `qualifications`, `bio`, `twitter_handle`, `created_at`, `updated_at`) VALUES (91, 'Clemmie Dooley', NULL, 'afeeney@example.net', '[\"humanitarian\", \"twitter-influencer\", \"hometown-hero\", \"business-leader\"]', 'Eos incidunt pariatur dicta facilis aspernatur sequi. Quod dolor velit dolorum reiciendis. Tenetur minus quasi qui.', 'neque', '2024-12-03 12:37:48', '2024-12-03 12:37:48');
INSERT INTO `speakers` (`id`, `name`, `avatar`, `email`, `qualifications`, `bio`, `twitter_handle`, `created_at`, `updated_at`) VALUES (92, 'Thea Rath', NULL, 'qnitzsche@example.com', '[\"open-source\", \"unique-perspective\", \"humanitarian\", \"hometown-hero\", \"business-leader\"]', 'Ad eveniet et earum maiores sit inventore. Quo est et dolorem dignissimos eius. Est odio et voluptas eaque.', 'cum', '2024-12-03 12:37:48', '2024-12-03 12:37:48');
INSERT INTO `speakers` (`id`, `name`, `avatar`, `email`, `qualifications`, `bio`, `twitter_handle`, `created_at`, `updated_at`) VALUES (93, 'Dr. Anabelle McCullough', NULL, 'beahan.joaquin@example.org', '[\"charisma\", \"unique-perspective\", \"youtube-influencer\", \"hometown-hero\", \"business-leader\"]', 'Beatae corporis nihil est dicta nihil ipsam nisi nisi. Commodi cum modi necessitatibus assumenda nihil vitae. Sed fugiat qui voluptate. In quia voluptatum vero ut autem.', 'debitis', '2024-12-03 12:37:48', '2024-12-03 12:37:48');
INSERT INTO `speakers` (`id`, `name`, `avatar`, `email`, `qualifications`, `bio`, `twitter_handle`, `created_at`, `updated_at`) VALUES (94, 'Verna Von', NULL, 'kuhlman.kameron@example.com', '[\"first-time\", \"open-source\", \"laracasts-contributor\", \"youtube-influencer\"]', 'Libero et aut non vitae architecto quam. Eaque sequi laudantium facilis quam officia voluptate aperiam. Itaque quia facilis consectetur fugiat debitis ea. Voluptas perspiciatis harum modi excepturi.', 'et', '2024-12-03 12:37:48', '2024-12-03 12:37:48');
INSERT INTO `speakers` (`id`, `name`, `avatar`, `email`, `qualifications`, `bio`, `twitter_handle`, `created_at`, `updated_at`) VALUES (95, 'Dr. Jamarcus Roberts DDS', NULL, 'tkoelpin@example.org', '[\"unique-perspective\", \"twitter-influencer\", \"laracasts-contributor\", \"first-time\", \"open-source\", \"charisma\"]', 'Odit debitis facere deleniti quia aut nostrum ad blanditiis. Debitis vel voluptate ut cupiditate molestiae odit asperiores. Debitis earum velit ex ea cupiditate blanditiis dolore rerum.', 'corporis', '2024-12-03 12:37:48', '2024-12-03 12:37:48');
INSERT INTO `speakers` (`id`, `name`, `avatar`, `email`, `qualifications`, `bio`, `twitter_handle`, `created_at`, `updated_at`) VALUES (96, 'Ms. Abigayle Bechtelar', NULL, 'braun.arch@example.org', '[\"twitter-influencer\", \"humanitarian\", \"charisma\", \"youtube-influencer\", \"open-source\", \"business-leader\"]', 'Libero et eum sed labore illum accusamus. Nihil sint ut inventore nam ut quia. Blanditiis numquam suscipit a expedita quibusdam consequuntur. Fugit laudantium sed non dicta qui excepturi.', 'quam', '2024-12-03 12:37:48', '2024-12-03 12:37:48');
INSERT INTO `speakers` (`id`, `name`, `avatar`, `email`, `qualifications`, `bio`, `twitter_handle`, `created_at`, `updated_at`) VALUES (97, 'Mr. Abelardo Conroy DDS', NULL, 'kshlerin.jimmy@example.com', '[\"unique-perspective\", \"first-time\", \"hometown-hero\", \"youtube-influencer\"]', 'At ut est iusto possimus consectetur. Quibusdam id sapiente velit. Rem reiciendis rerum quis sed ipsum. Molestiae quae voluptatem nihil veniam.', 'vitae', '2024-12-03 12:37:48', '2024-12-03 12:37:48');
INSERT INTO `speakers` (`id`, `name`, `avatar`, `email`, `qualifications`, `bio`, `twitter_handle`, `created_at`, `updated_at`) VALUES (98, 'Glen Moen', NULL, 'michael.walter@example.com', '[\"humanitarian\", \"youtube-influencer\", \"unique-perspective\", \"charisma\", \"business-leader\", \"twitter-influencer\", \"first-time\"]', 'Et nobis quaerat consequatur dicta sint fugit. Eligendi asperiores dolorem deserunt qui aut facere. Consequatur ratione et ex nobis repellat quibusdam exercitationem.', 'quibusdam', '2024-12-03 12:37:48', '2024-12-03 12:37:48');
INSERT INTO `speakers` (`id`, `name`, `avatar`, `email`, `qualifications`, `bio`, `twitter_handle`, `created_at`, `updated_at`) VALUES (99, 'Izaiah Legros', NULL, 'toy.felicita@example.net', '[\"business-leader\", \"twitter-influencer\", \"charisma\", \"hometown-hero\", \"laracasts-contributor\", \"humanitarian\"]', 'Atque commodi fugit distinctio eum necessitatibus impedit. Laborum et aut voluptas officiis animi porro. Aut libero doloremque et voluptatum dolor nisi.', 'consequatur', '2024-12-03 12:37:48', '2024-12-03 12:37:48');
INSERT INTO `speakers` (`id`, `name`, `avatar`, `email`, `qualifications`, `bio`, `twitter_handle`, `created_at`, `updated_at`) VALUES (100, 'Celestino Walsh', NULL, 'luisa.hettinger@example.org', '[\"unique-perspective\", \"business-leader\", \"youtube-influencer\", \"hometown-hero\", \"twitter-influencer\", \"laracasts-contributor\"]', 'Minus temporibus distinctio eveniet tempore dolores maiores. Voluptas occaecati a itaque vel eos. Consectetur consequatur reiciendis qui qui. Dolorem voluptate libero quo non quaerat.', 'beatae', '2024-12-03 12:37:48', '2024-12-03 12:37:48');
COMMIT;

-- ----------------------------
-- Table structure for talks
-- ----------------------------
DROP TABLE IF EXISTS `talks`;
CREATE TABLE `talks` (
  `id` bigint unsigned NOT NULL AUTO_INCREMENT,
  `title` varchar(255) COLLATE utf8mb4_unicode_ci NOT NULL,
  `abstract` text COLLATE utf8mb4_unicode_ci NOT NULL,
  `length` varchar(255) COLLATE utf8mb4_unicode_ci NOT NULL DEFAULT 'Normal - 30 Minutes',
  `status` varchar(255) COLLATE utf8mb4_unicode_ci NOT NULL DEFAULT 'Submitted',
  `new_talk` tinyint(1) NOT NULL DEFAULT '1',
  `speaker_id` int unsigned NOT NULL,
  `created_at` timestamp NULL DEFAULT NULL,
  `updated_at` timestamp NULL DEFAULT NULL,
  PRIMARY KEY (`id`)
) ENGINE=InnoDB AUTO_INCREMENT=52 DEFAULT CHARSET=utf8mb4 COLLATE=utf8mb4_unicode_ci;

-- ----------------------------
-- Records of talks
-- ----------------------------
BEGIN;
INSERT INTO `talks` (`id`, `title`, `abstract`, `length`, `status`, `new_talk`, `speaker_id`, `created_at`, `updated_at`) VALUES (1, 'Talk titulo editado', 'Ut alias voluptatem non saepe reiciendis expedita. Omnis et alias excepturi occaecati. Quia beatae at facere sed iure.', 'Keynote', 'Approved', 1, 1, '2024-12-03 12:37:48', '2024-12-03 16:04:47');
INSERT INTO `talks` (`id`, `title`, `abstract`, `length`, `status`, `new_talk`, `speaker_id`, `created_at`, `updated_at`) VALUES (2, 'Accusamus vel voluptatem aut aut atque.', 'Qui exercitationem explicabo qui fuga. Reprehenderit earum optio occaecati doloribus ab. Adipisci aperiam accusantium et voluptatem aut omnis veniam.', 'Keynote', 'Submitted', 1, 1, '2024-12-03 12:37:48', '2024-12-03 16:04:02');
INSERT INTO `talks` (`id`, `title`, `abstract`, `length`, `status`, `new_talk`, `speaker_id`, `created_at`, `updated_at`) VALUES (3, 'Laudantium maiores eum laudantium.', 'Itaque nihil ea quo. At praesentium placeat doloremque qui. Alias dignissimos perferendis vel et.', 'Normal - 30 Minutes', 'Submitted', 1, 53, '2024-12-03 12:37:48', '2024-12-03 12:37:48');
INSERT INTO `talks` (`id`, `title`, `abstract`, `length`, `status`, `new_talk`, `speaker_id`, `created_at`, `updated_at`) VALUES (4, 'Maiores possimus dolorum aliquam placeat.', 'Eum voluptatum ut qui mollitia. Facere alias natus iure facere. Et magnam molestiae natus voluptatem ut officia quia repellat.', 'Normal - 30 Minutes', 'Submitted', 1, 54, '2024-12-03 12:37:48', '2024-12-03 12:37:48');
INSERT INTO `talks` (`id`, `title`, `abstract`, `length`, `status`, `new_talk`, `speaker_id`, `created_at`, `updated_at`) VALUES (5, 'Rerum asperiores voluptatibus pariatur quas qui.', 'Dolorem deleniti possimus ut. Veniam modi nam omnis consequatur tempora aut corporis. Perspiciatis quo inventore porro ad velit velit est. Adipisci asperiores et consectetur aut unde dolor qui.', 'Lightning - 15 Minutes', 'Submitted', 1, 55, '2024-12-03 12:37:48', '2024-12-03 12:37:48');
INSERT INTO `talks` (`id`, `title`, `abstract`, `length`, `status`, `new_talk`, `speaker_id`, `created_at`, `updated_at`) VALUES (6, 'Nam quo non corporis repudiandae facere.', 'Vitae et rerum eaque quis. Nam alias dignissimos placeat omnis saepe. Molestiae quod molestiae aut ut incidunt aperiam.', 'Normal - 30 Minutes', 'Submitted', 1, 56, '2024-12-03 12:37:48', '2024-12-03 12:37:48');
INSERT INTO `talks` (`id`, `title`, `abstract`, `length`, `status`, `new_talk`, `speaker_id`, `created_at`, `updated_at`) VALUES (7, 'Esse sequi dolorem tenetur sapiente.', 'Eos fugiat aperiam aut eveniet corrupti. Atque sed quasi et molestiae blanditiis. Qui a est qui excepturi cumque.', 'Lightning - 15 Minutes', 'Submitted', 1, 57, '2024-12-03 12:37:48', '2024-12-03 12:37:48');
INSERT INTO `talks` (`id`, `title`, `abstract`, `length`, `status`, `new_talk`, `speaker_id`, `created_at`, `updated_at`) VALUES (8, 'Explicabo est totam velit.', 'Minus culpa quae fuga enim harum. Vel culpa doloribus laborum et in. Cumque expedita dolore qui culpa eligendi explicabo.', 'Keynote', 'Submitted', 1, 58, '2024-12-03 12:37:48', '2024-12-03 12:37:48');
INSERT INTO `talks` (`id`, `title`, `abstract`, `length`, `status`, `new_talk`, `speaker_id`, `created_at`, `updated_at`) VALUES (9, 'Illum ex cupiditate ipsum.', 'Dolorem iusto dolorum sint sapiente veniam quibusdam. Ipsum aut quae eum impedit iusto sapiente ipsam distinctio. Aut placeat nemo rerum rem. Sequi asperiores aut dolor in.', 'Lightning - 15 Minutes', 'Submitted', 1, 59, '2024-12-03 12:37:48', '2024-12-03 12:37:48');
INSERT INTO `talks` (`id`, `title`, `abstract`, `length`, `status`, `new_talk`, `speaker_id`, `created_at`, `updated_at`) VALUES (10, 'Perferendis commodi esse ea perferendis.', 'Officia sequi et fugit non iusto rem mollitia. Quia odit explicabo excepturi iste voluptas amet.', 'Normal - 30 Minutes', 'Submitted', 1, 60, '2024-12-03 12:37:48', '2024-12-03 12:37:48');
INSERT INTO `talks` (`id`, `title`, `abstract`, `length`, `status`, `new_talk`, `speaker_id`, `created_at`, `updated_at`) VALUES (11, 'Possimus est excepturi officia.', 'Natus temporibus ut optio asperiores excepturi excepturi. Illum quia laborum harum dolor illum sint. Temporibus autem aliquam reiciendis. Et dolores ratione esse quia repudiandae reiciendis.', 'Lightning - 15 Minutes', 'Submitted', 1, 61, '2024-12-03 12:37:48', '2024-12-03 12:37:48');
INSERT INTO `talks` (`id`, `title`, `abstract`, `length`, `status`, `new_talk`, `speaker_id`, `created_at`, `updated_at`) VALUES (12, 'Et mollitia fuga.', 'Voluptas et dolore blanditiis est sunt ut. Ab amet eum quisquam. Fugiat et aperiam est sit nemo velit porro. Corporis eum occaecati nihil deserunt ut fugiat voluptatem nesciunt.', 'Normal - 30 Minutes', 'Submitted', 1, 62, '2024-12-03 12:37:48', '2024-12-03 12:37:48');
INSERT INTO `talks` (`id`, `title`, `abstract`, `length`, `status`, `new_talk`, `speaker_id`, `created_at`, `updated_at`) VALUES (13, 'Illum ipsam quibusdam amet.', 'Dolorem doloremque sint neque inventore iure. Omnis reiciendis earum molestias autem in distinctio ea. Quaerat temporibus nihil est.', 'Keynote', 'Submitted', 1, 63, '2024-12-03 12:37:48', '2024-12-03 12:37:48');
INSERT INTO `talks` (`id`, `title`, `abstract`, `length`, `status`, `new_talk`, `speaker_id`, `created_at`, `updated_at`) VALUES (14, 'Perferendis dicta blanditiis id.', 'Non quia temporibus eos alias eum magnam est. Iure perferendis fugit sunt sit iusto impedit quidem. Est ut deserunt nihil nihil cumque veniam.', 'Normal - 30 Minutes', 'Submitted', 1, 64, '2024-12-03 12:37:48', '2024-12-03 12:37:48');
INSERT INTO `talks` (`id`, `title`, `abstract`, `length`, `status`, `new_talk`, `speaker_id`, `created_at`, `updated_at`) VALUES (15, 'Consectetur delectus sit iusto.', 'Non rerum veritatis deleniti in. A pariatur molestiae aliquid fugit delectus esse. Non voluptatem assumenda nihil ut eum. Et qui et id id in ab nihil animi.', 'Normal - 30 Minutes', 'Submitted', 1, 65, '2024-12-03 12:37:48', '2024-12-03 12:37:48');
INSERT INTO `talks` (`id`, `title`, `abstract`, `length`, `status`, `new_talk`, `speaker_id`, `created_at`, `updated_at`) VALUES (16, 'Omnis magni ipsa necessitatibus voluptatum.', 'Consequatur est non maiores in voluptatem et. Quis aut consectetur nisi odit assumenda corporis voluptate. Quia nulla nam delectus eos.', 'Normal - 30 Minutes', 'Submitted', 1, 66, '2024-12-03 12:37:48', '2024-12-03 12:37:48');
INSERT INTO `talks` (`id`, `title`, `abstract`, `length`, `status`, `new_talk`, `speaker_id`, `created_at`, `updated_at`) VALUES (17, 'Natus provident aliquam.', 'Ipsam esse expedita et. Dolorum et possimus tempore ratione sit et minus et. Labore est vero quasi sunt ducimus aut.', 'Normal - 30 Minutes', 'Submitted', 1, 67, '2024-12-03 12:37:48', '2024-12-03 12:37:48');
INSERT INTO `talks` (`id`, `title`, `abstract`, `length`, `status`, `new_talk`, `speaker_id`, `created_at`, `updated_at`) VALUES (18, 'Voluptatem veritatis labore nam nulla.', 'Repudiandae dicta natus eius qui. Aut aspernatur quisquam sapiente earum culpa laboriosam sit. Qui est facere modi. Consequuntur eos blanditiis nostrum unde occaecati voluptatibus aperiam.', 'Normal - 30 Minutes', 'Submitted', 1, 68, '2024-12-03 12:37:48', '2024-12-03 12:37:48');
INSERT INTO `talks` (`id`, `title`, `abstract`, `length`, `status`, `new_talk`, `speaker_id`, `created_at`, `updated_at`) VALUES (19, 'Doloremque tempora qui et quaerat doloremque.', 'Consequatur dolorum sed voluptatem distinctio quia. Pariatur odio quos aut consequatur similique omnis est. Voluptas at omnis inventore ipsa aut omnis ea. Et eaque eos eum hic doloribus ut iusto.', 'Keynote', 'Submitted', 1, 69, '2024-12-03 12:37:48', '2024-12-03 12:37:48');
INSERT INTO `talks` (`id`, `title`, `abstract`, `length`, `status`, `new_talk`, `speaker_id`, `created_at`, `updated_at`) VALUES (20, 'Non nemo corporis.', 'In odio odit ea est. Vero omnis repellendus minima maxime fuga nihil quia doloribus. Cumque quisquam ut est accusantium ad sunt.', 'Normal - 30 Minutes', 'Submitted', 1, 70, '2024-12-03 12:37:48', '2024-12-03 12:37:48');
INSERT INTO `talks` (`id`, `title`, `abstract`, `length`, `status`, `new_talk`, `speaker_id`, `created_at`, `updated_at`) VALUES (21, 'Vero dolor ea quam sit voluptate.', 'Et magnam voluptatem recusandae dicta. Perspiciatis ipsum alias incidunt sapiente. Et nihil veritatis doloribus esse ipsum.', 'Lightning - 15 Minutes', 'Submitted', 1, 71, '2024-12-03 12:37:48', '2024-12-03 12:37:48');
INSERT INTO `talks` (`id`, `title`, `abstract`, `length`, `status`, `new_talk`, `speaker_id`, `created_at`, `updated_at`) VALUES (22, 'Ut similique unde non architecto officiis.', 'Impedit quos sit eveniet qui est eaque facilis. Modi sint magnam distinctio beatae dolor. Tempora ut ab tempore est ut itaque veritatis. Nobis eos inventore possimus id.', 'Normal - 30 Minutes', 'Submitted', 1, 72, '2024-12-03 12:37:48', '2024-12-03 12:37:48');
INSERT INTO `talks` (`id`, `title`, `abstract`, `length`, `status`, `new_talk`, `speaker_id`, `created_at`, `updated_at`) VALUES (23, 'Laborum sint corporis atque magni.', 'Qui necessitatibus odio mollitia voluptas. Deserunt eius impedit nam quasi et aliquam. Commodi eligendi aut eveniet ipsum deserunt distinctio.', 'Lightning - 15 Minutes', 'Submitted', 1, 73, '2024-12-03 12:37:48', '2024-12-03 12:37:48');
INSERT INTO `talks` (`id`, `title`, `abstract`, `length`, `status`, `new_talk`, `speaker_id`, `created_at`, `updated_at`) VALUES (24, 'Nemo quia dolores ut rerum.', 'Et omnis qui vero et sit quia. Itaque sequi voluptatem maiores ipsa aut quos nostrum. Voluptatem totam quis iusto eaque pariatur eos. Quo nemo nobis sunt.', 'Normal - 30 Minutes', 'Submitted', 1, 74, '2024-12-03 12:37:48', '2024-12-03 12:37:48');
INSERT INTO `talks` (`id`, `title`, `abstract`, `length`, `status`, `new_talk`, `speaker_id`, `created_at`, `updated_at`) VALUES (25, 'Assumenda beatae eveniet laboriosam nisi et.', 'Ea minima nemo sapiente dolorum atque sed doloribus. Ducimus esse veniam ea nam animi. Enim autem consequatur doloribus voluptatem qui.', 'Lightning - 15 Minutes', 'Submitted', 1, 75, '2024-12-03 12:37:48', '2024-12-03 12:37:48');
INSERT INTO `talks` (`id`, `title`, `abstract`, `length`, `status`, `new_talk`, `speaker_id`, `created_at`, `updated_at`) VALUES (26, 'Alias odit et voluptas.', 'Totam nostrum magnam laborum aut porro. Atque praesentium officiis deserunt eaque quis facilis.', 'Lightning - 15 Minutes', 'Submitted', 1, 76, '2024-12-03 12:37:48', '2024-12-03 12:37:48');
INSERT INTO `talks` (`id`, `title`, `abstract`, `length`, `status`, `new_talk`, `speaker_id`, `created_at`, `updated_at`) VALUES (27, 'Enim qui voluptas debitis.', 'Fugit odio distinctio ea fugit. Enim voluptas dolores omnis atque velit aut cupiditate earum. Ut voluptatem possimus quos voluptatem ut est dolorem. Modi assumenda et perferendis.', 'Normal - 30 Minutes', 'Submitted', 1, 77, '2024-12-03 12:37:48', '2024-12-03 12:37:48');
INSERT INTO `talks` (`id`, `title`, `abstract`, `length`, `status`, `new_talk`, `speaker_id`, `created_at`, `updated_at`) VALUES (28, 'Et officia et eligendi.', 'Nihil ipsam qui qui libero. Occaecati ducimus dolores omnis vel necessitatibus est. Possimus quos molestias est velit pariatur quia earum totam. Molestiae non necessitatibus iure.', 'Normal - 30 Minutes', 'Submitted', 1, 78, '2024-12-03 12:37:48', '2024-12-03 12:37:48');
INSERT INTO `talks` (`id`, `title`, `abstract`, `length`, `status`, `new_talk`, `speaker_id`, `created_at`, `updated_at`) VALUES (29, 'Et quo aut qui qui pariatur.', 'Deserunt facere quisquam aut voluptatem. Aut fugit nemo omnis sed deserunt voluptatem id. Rem architecto culpa consequatur non.', 'Normal - 30 Minutes', 'Submitted', 1, 79, '2024-12-03 12:37:48', '2024-12-03 12:37:48');
INSERT INTO `talks` (`id`, `title`, `abstract`, `length`, `status`, `new_talk`, `speaker_id`, `created_at`, `updated_at`) VALUES (30, 'Et sapiente ratione voluptatem.', 'Ipsam asperiores facilis ut eius. Et eos temporibus molestiae velit reiciendis. Ut numquam omnis id sapiente quam incidunt.', 'Normal - 30 Minutes', 'Submitted', 1, 80, '2024-12-03 12:37:48', '2024-12-03 12:37:48');
INSERT INTO `talks` (`id`, `title`, `abstract`, `length`, `status`, `new_talk`, `speaker_id`, `created_at`, `updated_at`) VALUES (31, 'Delectus eos unde.', 'Numquam suscipit quis et reiciendis praesentium nihil eveniet. Et voluptatem neque laudantium voluptas. Voluptatem neque qui qui quos neque. Quidem dolores cum aut ipsa quo quae.', 'Normal - 30 Minutes', 'Submitted', 1, 81, '2024-12-03 12:37:48', '2024-12-03 12:37:48');
INSERT INTO `talks` (`id`, `title`, `abstract`, `length`, `status`, `new_talk`, `speaker_id`, `created_at`, `updated_at`) VALUES (32, 'Tempora quod magnam.', 'Accusantium ipsam magni placeat quas enim. Vitae aperiam ipsam labore consectetur enim ducimus. Officia laboriosam id consequuntur dolore velit. Non sint nihil sunt.', 'Normal - 30 Minutes', 'Submitted', 1, 82, '2024-12-03 12:37:48', '2024-12-03 12:37:48');
INSERT INTO `talks` (`id`, `title`, `abstract`, `length`, `status`, `new_talk`, `speaker_id`, `created_at`, `updated_at`) VALUES (33, 'Cumque dolorem itaque officiis.', 'Nisi odit in quaerat enim repudiandae. Tenetur rerum praesentium expedita voluptatem. Iste dolorem a autem ea recusandae vel. Voluptas fugit ut non ut.', 'Normal - 30 Minutes', 'Submitted', 1, 83, '2024-12-03 12:37:48', '2024-12-03 12:37:48');
INSERT INTO `talks` (`id`, `title`, `abstract`, `length`, `status`, `new_talk`, `speaker_id`, `created_at`, `updated_at`) VALUES (34, 'Velit sunt qui assumenda et vitae.', 'Mollitia et animi quia. Est ratione ea soluta et alias dolor fugit. Sit itaque eum quia enim dolores est voluptatem. Est expedita voluptas natus id.', 'Normal - 30 Minutes', 'Submitted', 1, 84, '2024-12-03 12:37:48', '2024-12-03 12:37:48');
INSERT INTO `talks` (`id`, `title`, `abstract`, `length`, `status`, `new_talk`, `speaker_id`, `created_at`, `updated_at`) VALUES (35, 'Temporibus libero et dolor sed maiores.', 'Dolores dolore doloremque aspernatur fugiat in deserunt error. Iste vero explicabo eveniet rerum. Qui hic illum qui libero. Necessitatibus sed nemo et dolor nesciunt.', 'Normal - 30 Minutes', 'Submitted', 1, 85, '2024-12-03 12:37:48', '2024-12-03 12:37:48');
INSERT INTO `talks` (`id`, `title`, `abstract`, `length`, `status`, `new_talk`, `speaker_id`, `created_at`, `updated_at`) VALUES (36, 'Aut pariatur distinctio accusantium totam et.', 'Quis fuga deserunt possimus maxime eos. Enim ipsum sit magni suscipit distinctio dolores.', 'Normal - 30 Minutes', 'Submitted', 1, 86, '2024-12-03 12:37:48', '2024-12-03 12:37:48');
INSERT INTO `talks` (`id`, `title`, `abstract`, `length`, `status`, `new_talk`, `speaker_id`, `created_at`, `updated_at`) VALUES (37, 'Voluptatem quam nobis.', 'Quo vel laboriosam voluptas sed. Facilis dolorem iure mollitia non recusandae porro. Dicta quos sint illo nemo eum. Quia sit nihil minima minus consectetur.', 'Normal - 30 Minutes', 'Submitted', 1, 87, '2024-12-03 12:37:48', '2024-12-03 12:37:48');
INSERT INTO `talks` (`id`, `title`, `abstract`, `length`, `status`, `new_talk`, `speaker_id`, `created_at`, `updated_at`) VALUES (38, 'Saepe tempora corrupti voluptatem.', 'Cumque voluptates est aut eaque. Ut dolorem fugit et voluptates. Et veniam nihil dolore autem sunt accusamus. Qui ipsam magnam quod quas. Quas nisi aut minus vel.', 'Normal - 30 Minutes', 'Submitted', 1, 88, '2024-12-03 12:37:48', '2024-12-03 12:37:48');
INSERT INTO `talks` (`id`, `title`, `abstract`, `length`, `status`, `new_talk`, `speaker_id`, `created_at`, `updated_at`) VALUES (39, 'Id possimus voluptates rerum.', 'Sed voluptas consequuntur omnis tempora facilis. Consequatur in quis aspernatur autem sit quibusdam cum. In id mollitia voluptatum occaecati. Architecto nam dolor harum ut est.', 'Normal - 30 Minutes', 'Submitted', 1, 89, '2024-12-03 12:37:48', '2024-12-03 12:37:48');
INSERT INTO `talks` (`id`, `title`, `abstract`, `length`, `status`, `new_talk`, `speaker_id`, `created_at`, `updated_at`) VALUES (40, 'Dolorem aspernatur ad veritatis.', 'Asperiores ad ut odio accusantium. Saepe quae aliquid nihil exercitationem.', 'Normal - 30 Minutes', 'Submitted', 1, 90, '2024-12-03 12:37:48', '2024-12-03 12:37:48');
INSERT INTO `talks` (`id`, `title`, `abstract`, `length`, `status`, `new_talk`, `speaker_id`, `created_at`, `updated_at`) VALUES (41, 'Nemo animi culpa ex.', 'Quia voluptatem qui impedit sequi. Explicabo qui mollitia pariatur ut repellat repudiandae. Voluptas est ut ipsa rerum. Enim mollitia molestiae est odio dolorum.', 'Normal - 30 Minutes', 'Submitted', 1, 91, '2024-12-03 12:37:48', '2024-12-03 12:37:48');
INSERT INTO `talks` (`id`, `title`, `abstract`, `length`, `status`, `new_talk`, `speaker_id`, `created_at`, `updated_at`) VALUES (42, 'Dignissimos a dolor quaerat.', 'Ullam illum laborum nobis voluptas reiciendis at. Alias consequuntur deserunt repudiandae et nam eveniet vitae. Qui quae nam numquam debitis.', 'Normal - 30 Minutes', 'Submitted', 1, 92, '2024-12-03 12:37:48', '2024-12-03 12:37:48');
INSERT INTO `talks` (`id`, `title`, `abstract`, `length`, `status`, `new_talk`, `speaker_id`, `created_at`, `updated_at`) VALUES (43, 'Sunt aut ducimus sit vero.', 'Ex quia et cupiditate non. Hic eligendi et hic labore. Quos repellendus assumenda non consequuntur non accusamus iste aut. Esse nesciunt earum tenetur fuga voluptatem aperiam.', 'Normal - 30 Minutes', 'Submitted', 1, 93, '2024-12-03 12:37:48', '2024-12-03 12:37:48');
INSERT INTO `talks` (`id`, `title`, `abstract`, `length`, `status`, `new_talk`, `speaker_id`, `created_at`, `updated_at`) VALUES (44, 'Laboriosam rerum aliquam ad dolores perferendis.', 'Expedita debitis aut et voluptatum eum. Sit facere eligendi nisi placeat in sunt. Reiciendis rerum facilis non ipsam exercitationem eum.', 'Normal - 30 Minutes', 'Submitted', 1, 94, '2024-12-03 12:37:48', '2024-12-03 12:37:48');
INSERT INTO `talks` (`id`, `title`, `abstract`, `length`, `status`, `new_talk`, `speaker_id`, `created_at`, `updated_at`) VALUES (45, 'Est molestias asperiores.', 'Dolore numquam enim voluptates velit. Magni ut explicabo dolores laboriosam. Perferendis numquam magni dignissimos aut.', 'Normal - 30 Minutes', 'Submitted', 1, 95, '2024-12-03 12:37:48', '2024-12-03 12:37:48');
INSERT INTO `talks` (`id`, `title`, `abstract`, `length`, `status`, `new_talk`, `speaker_id`, `created_at`, `updated_at`) VALUES (46, 'Sit accusamus ipsa voluptatem non.', 'Ab error consequuntur illo placeat quis dolorem. Enim non qui nisi fuga ab impedit illo consequatur. Ratione esse omnis et omnis. Magni voluptatum qui minus totam.', 'Normal - 30 Minutes', 'Submitted', 1, 96, '2024-12-03 12:37:48', '2024-12-03 12:37:48');
INSERT INTO `talks` (`id`, `title`, `abstract`, `length`, `status`, `new_talk`, `speaker_id`, `created_at`, `updated_at`) VALUES (47, 'Quis commodi libero minima.', 'Ipsa modi est et et minima optio. Sequi reprehenderit est ut vero ea sint qui. Omnis earum illo quos assumenda unde. Rerum animi aspernatur et eos sequi et quis itaque.', 'Normal - 30 Minutes', 'Submitted', 1, 97, '2024-12-03 12:37:48', '2024-12-03 12:37:48');
INSERT INTO `talks` (`id`, `title`, `abstract`, `length`, `status`, `new_talk`, `speaker_id`, `created_at`, `updated_at`) VALUES (48, 'Nobis reprehenderit aliquid alias rerum ut.', 'Ipsam sequi dolorum modi. Ex consequatur voluptatibus quas ab aut. A eos ad tempora neque sit omnis. Velit rerum excepturi consectetur porro dolorem accusantium ipsam.', 'Normal - 30 Minutes', 'Submitted', 1, 98, '2024-12-03 12:37:48', '2024-12-03 12:37:48');
INSERT INTO `talks` (`id`, `title`, `abstract`, `length`, `status`, `new_talk`, `speaker_id`, `created_at`, `updated_at`) VALUES (49, 'Ab sed architecto ut excepturi blanditiis.', 'Minima quibusdam reiciendis officiis sunt. Dolores velit eligendi labore molestiae alias vel commodi. Vel eos libero qui qui.', 'Normal - 30 Minutes', 'Submitted', 1, 99, '2024-12-03 12:37:48', '2024-12-03 12:37:48');
INSERT INTO `talks` (`id`, `title`, `abstract`, `length`, `status`, `new_talk`, `speaker_id`, `created_at`, `updated_at`) VALUES (50, 'Libero ipsam eligendi natus.', 'Error magnam cupiditate sint minima. Repellendus et aliquam quaerat facilis. Asperiores quia modi voluptas aut ut quisquam.', 'Normal - 30 Minutes', 'Submitted', 1, 100, '2024-12-03 12:37:48', '2024-12-03 12:37:48');
INSERT INTO `talks` (`id`, `title`, `abstract`, `length`, `status`, `new_talk`, `speaker_id`, `created_at`, `updated_at`) VALUES (51, 'Tudkfhjaksd', '<p>jdshkjfhasdkjlfa sd</p>', 'Normal - 30 Minutes', 'Submitted', 1, 1, '2024-12-03 16:08:53', '2024-12-03 16:08:53');
COMMIT;

-- ----------------------------
-- Table structure for users
-- ----------------------------
DROP TABLE IF EXISTS `users`;
CREATE TABLE `users` (
  `id` bigint unsigned NOT NULL AUTO_INCREMENT,
  `name` varchar(255) COLLATE utf8mb4_unicode_ci NOT NULL,
  `email` varchar(255) COLLATE utf8mb4_unicode_ci NOT NULL,
  `email_verified_at` timestamp NULL DEFAULT NULL,
  `password` varchar(255) COLLATE utf8mb4_unicode_ci NOT NULL,
  `remember_token` varchar(100) COLLATE utf8mb4_unicode_ci DEFAULT NULL,
  `created_at` timestamp NULL DEFAULT NULL,
  `updated_at` timestamp NULL DEFAULT NULL,
  PRIMARY KEY (`id`),
  UNIQUE KEY `users_email_unique` (`email`)
) ENGINE=InnoDB AUTO_INCREMENT=2 DEFAULT CHARSET=utf8mb4 COLLATE=utf8mb4_unicode_ci;

-- ----------------------------
-- Records of users
-- ----------------------------
BEGIN;
INSERT INTO `users` (`id`, `name`, `email`, `email_verified_at`, `password`, `remember_token`, `created_at`, `updated_at`) VALUES (1, 'JuqanJota', 'esnola@gmail.com', NULL, '$2y$12$74X3sAbuM0D2Ud19Zs4owOZkvO2Lseg4tOw6ae5jZgKtmN2m5Qfny', NULL, '2024-12-03 12:37:48', '2024-12-03 12:37:48');
COMMIT;

-- ----------------------------
-- Table structure for venues
-- ----------------------------
DROP TABLE IF EXISTS `venues`;
CREATE TABLE `venues` (
  `id` bigint unsigned NOT NULL AUTO_INCREMENT,
  `name` varchar(255) COLLATE utf8mb4_unicode_ci NOT NULL,
  `city` varchar(255) COLLATE utf8mb4_unicode_ci NOT NULL,
  `country` varchar(255) COLLATE utf8mb4_unicode_ci NOT NULL,
  `postal_code` varchar(255) COLLATE utf8mb4_unicode_ci NOT NULL,
  `region` varchar(255) COLLATE utf8mb4_unicode_ci NOT NULL,
  `created_at` timestamp NULL DEFAULT NULL,
  `updated_at` timestamp NULL DEFAULT NULL,
  PRIMARY KEY (`id`)
) ENGINE=InnoDB AUTO_INCREMENT=26 DEFAULT CHARSET=utf8mb4 COLLATE=utf8mb4_unicode_ci;

-- ----------------------------
-- Records of venues
-- ----------------------------
BEGIN;
INSERT INTO `venues` (`id`, `name`, `city`, `country`, `postal_code`, `region`, `created_at`, `updated_at`) VALUES (1, 'Chelsea Schaefer', 'Vergieside', 'American Samoa', '71369-0257', 'Online', '2024-12-03 12:37:48', '2024-12-03 12:37:48');
INSERT INTO `venues` (`id`, `name`, `city`, `country`, `postal_code`, `region`, `created_at`, `updated_at`) VALUES (2, 'Leila Bruen IV', 'Port Philipmouth', 'Saint Martin', '09625-1375', 'AU', '2024-12-03 12:37:48', '2024-12-03 12:37:48');
INSERT INTO `venues` (`id`, `name`, `city`, `country`, `postal_code`, `region`, `created_at`, `updated_at`) VALUES (3, 'Aletha Ondricka', 'Terrymouth', 'Slovenia', '15723', 'Indida', '2024-12-03 12:37:48', '2024-12-03 12:37:48');
INSERT INTO `venues` (`id`, `name`, `city`, `country`, `postal_code`, `region`, `created_at`, `updated_at`) VALUES (4, 'Dr. Dallas Swaniawski', 'Gibsonton', 'Haiti', '97565', 'Online', '2024-12-03 12:37:48', '2024-12-03 12:37:48');
INSERT INTO `venues` (`id`, `name`, `city`, `country`, `postal_code`, `region`, `created_at`, `updated_at`) VALUES (5, 'Tyreek Koch III', 'North Lonzoborough', 'Norfolk Island', '68305', 'US', '2024-12-03 12:37:48', '2024-12-03 12:37:48');
INSERT INTO `venues` (`id`, `name`, `city`, `country`, `postal_code`, `region`, `created_at`, `updated_at`) VALUES (6, 'Dr. Gunner Rogahn DDS', 'Hermanburgh', 'Spain', '41138', 'US', '2024-12-03 12:37:48', '2024-12-03 12:37:48');
INSERT INTO `venues` (`id`, `name`, `city`, `country`, `postal_code`, `region`, `created_at`, `updated_at`) VALUES (7, 'Prof. Victoria Kutch', 'Reynoldsview', 'Palestinian Territories', '33485-1192', 'EU', '2024-12-03 12:37:48', '2024-12-03 12:37:48');
INSERT INTO `venues` (`id`, `name`, `city`, `country`, `postal_code`, `region`, `created_at`, `updated_at`) VALUES (8, 'Katelyn Leffler', 'Mrazmouth', 'Western Sahara', '48819-2677', 'Africa', '2024-12-03 12:37:48', '2024-12-03 12:37:48');
INSERT INTO `venues` (`id`, `name`, `city`, `country`, `postal_code`, `region`, `created_at`, `updated_at`) VALUES (9, 'Rose Kuhlman', 'South Shad', 'Saint Barthelemy', '24131-8713', 'AU', '2024-12-03 12:37:48', '2024-12-03 12:37:48');
INSERT INTO `venues` (`id`, `name`, `city`, `country`, `postal_code`, `region`, `created_at`, `updated_at`) VALUES (10, 'Candida McKenzie', 'Nayelibury', 'Cote d\'Ivoire', '48127-6203', 'US', '2024-12-03 12:37:48', '2024-12-03 12:37:48');
INSERT INTO `venues` (`id`, `name`, `city`, `country`, `postal_code`, `region`, `created_at`, `updated_at`) VALUES (11, 'Ines Bernhard PhD', 'Stehrshire', 'Benin', '67921-9964', 'Online', '2024-12-03 12:37:48', '2024-12-03 12:37:48');
INSERT INTO `venues` (`id`, `name`, `city`, `country`, `postal_code`, `region`, `created_at`, `updated_at`) VALUES (12, 'Tom Farrell', 'North Colleen', 'Latvia', '38685-7253', 'EU', '2024-12-03 12:37:48', '2024-12-03 12:37:48');
INSERT INTO `venues` (`id`, `name`, `city`, `country`, `postal_code`, `region`, `created_at`, `updated_at`) VALUES (13, 'Talon McClure', 'Maggiomouth', 'Samoa', '94023', 'Indida', '2024-12-03 12:37:48', '2024-12-03 12:37:48');
INSERT INTO `venues` (`id`, `name`, `city`, `country`, `postal_code`, `region`, `created_at`, `updated_at`) VALUES (14, 'Verna Rippin', 'Kuhlmanville', 'Nigeria', '05752-8849', 'AU', '2024-12-03 12:37:48', '2024-12-03 12:37:48');
INSERT INTO `venues` (`id`, `name`, `city`, `country`, `postal_code`, `region`, `created_at`, `updated_at`) VALUES (15, 'Veronica Stracke II', 'West Moriahfurt', 'Swaziland', '90606', 'Africa', '2024-12-03 12:37:48', '2024-12-03 12:37:48');
INSERT INTO `venues` (`id`, `name`, `city`, `country`, `postal_code`, `region`, `created_at`, `updated_at`) VALUES (16, 'Josephine Lueilwitz', 'Evertfurt', 'Puerto Rico', '04200-2459', 'Africa', '2024-12-03 12:37:48', '2024-12-03 12:37:48');
INSERT INTO `venues` (`id`, `name`, `city`, `country`, `postal_code`, `region`, `created_at`, `updated_at`) VALUES (17, 'Mrs. Renee Kemmer DVM', 'Boganview', 'Brazil', '85017-8882', 'US', '2024-12-03 12:37:48', '2024-12-03 12:37:48');
INSERT INTO `venues` (`id`, `name`, `city`, `country`, `postal_code`, `region`, `created_at`, `updated_at`) VALUES (18, 'Anastacio McClure MD', 'Kraigville', 'Canada', '92718', 'Africa', '2024-12-03 12:37:48', '2024-12-03 12:37:48');
INSERT INTO `venues` (`id`, `name`, `city`, `country`, `postal_code`, `region`, `created_at`, `updated_at`) VALUES (19, 'Arnold O\'Kon', 'South Kamryn', 'Kazakhstan', '02854', 'US', '2024-12-03 12:37:48', '2024-12-03 12:37:48');
INSERT INTO `venues` (`id`, `name`, `city`, `country`, `postal_code`, `region`, `created_at`, `updated_at`) VALUES (20, 'Paula Anderson', 'Harryport', 'Antarctica (the territory South of 60 deg S)', '05995-3868', 'US', '2024-12-03 12:37:48', '2024-12-03 12:37:48');
INSERT INTO `venues` (`id`, `name`, `city`, `country`, `postal_code`, `region`, `created_at`, `updated_at`) VALUES (21, 'Libby Spencer', 'Hudsonville', 'Guyana', '20324', 'Indida', '2024-12-03 12:37:48', '2024-12-03 12:37:48');
INSERT INTO `venues` (`id`, `name`, `city`, `country`, `postal_code`, `region`, `created_at`, `updated_at`) VALUES (22, 'Kiley Bartell PhD', 'Revachester', 'Czech Republic', '32568-7241', 'Online', '2024-12-03 12:37:48', '2024-12-03 12:37:48');
INSERT INTO `venues` (`id`, `name`, `city`, `country`, `postal_code`, `region`, `created_at`, `updated_at`) VALUES (23, 'Jarvis Wuckert V', 'East Chad', 'Peru', '63785-1160', 'AU', '2024-12-03 12:37:48', '2024-12-03 12:37:48');
INSERT INTO `venues` (`id`, `name`, `city`, `country`, `postal_code`, `region`, `created_at`, `updated_at`) VALUES (24, 'Glenna Wiza', 'Lake Ciara', 'Korea', '96180', 'EU', '2024-12-03 12:37:48', '2024-12-03 12:37:48');
INSERT INTO `venues` (`id`, `name`, `city`, `country`, `postal_code`, `region`, `created_at`, `updated_at`) VALUES (25, 'Sincere Cummings DDS', 'Salvadorport', 'Brazil', '65335-9650', 'US', '2024-12-03 12:37:48', '2024-12-03 12:37:48');
COMMIT;

SET FOREIGN_KEY_CHECKS = 1;
